y,x1,x2,x3,x4
5.6315160273934985,2.7444181304890662,1,0.9899655852932483,-1.2027659956731636
3.4299440430955954,2.8112262398935854,0,0.4384936126880348,-0.27163227315977073
2.498172576991279,0.8584186043590307,1,0.6999032176099718,-1.974545569841021
6.455947228719124,2.4913428782019764,1,0.8890769556164742,1.663850029236535
3.6189447600818316,1.9252365566790104,0,0.8341594731900841,-1.5901190328309627
3.7806879774031947,1.5572878473903984,0,0.7344214604236186,0.6809292240316532
6.22565712198366,2.209764943923801,1,0.646903307409957,1.7408596406938288
2.2022853395241215,0.4039997917134315,1,0.84287826763466,-2.3643220104927587
5.551960482044215,1.9709768712054938,0,0.15964125166647136,2.0457879514699187
-9.265893856147368,2.115194352110848,1,0.36370622739195824,-4.216869152486669
1.403285021151142,1.3732253287453204,0,0.27509250887669623,0.4595252753986507
10.07583678013901,2.157336754957214,1,0.12479452253319323,3.0234215831075213
3.9945638926170903,2.8040167414583266,0,0.5656269490718842,1.1108759783013538
4.132008896559265,0.7662864730227739,0,0.6732402229681611,1.8297576024987443
1.9776256677769917,1.386878467630595,0,0.001703130081295967,-1.106793248559032
5.777715943434808,2.8200435682665557,1,0.8009212224278599,0.5967521790200346
5.009685237773818,2.934679285157472,0,0.19824286573566496,2.2127590793042784
-0.35052423707324326,0.35246208496391773,0,0.6667454389389604,-2.658299169664835
6.615583643900413,1.4249912446830422,1,0.787734308745712,2.0033882577720417
0.6168728516183872,1.680998238734901,0,0.9521814710460603,-2.8186077475148195
6.607001383794861,2.71209416189231,1,0.3826775774359703,-0.9975620493625357
33.16274030204743,0.41613050317391753,0,0.5263776814099401,5.245513704976904
5.603425691219567,2.9666751867625862,0,0.38835411495529115,1.021331132057056
4.402149017472848,2.8400046976748854,0,0.13172760023735464,-0.1816863884383973
5.641462908056708,0.24731267429888248,0,0.8077184185385704,1.9575313584217575
3.917134147513209,1.5426353530492634,0,0.6862496880348772,-0.4876173137766295
5.608685075966558,1.170610401313752,0,0.2930985090788454,1.243617918427266
2.3415482735647846,2.717214392730966,0,0.41994895320385695,-0.6891904396926449
-16.433240450301792,1.3409088843036443,1,0.7352610540110618,-4.710449091682981
5.464862865047508,2.5080127799883485,1,0.8498212455306202,0.944775266707286
1.6297385904497412,2.212786853313446,1,0.0774645886849612,-1.0229603895738275
2.630136274308474,2.433165423804894,0,0.2838642545975745,-1.1472043995122316
3.4564060151987954,1.164324848446995,0,0.10981498891487718,0.0075944074572062955
4.2647925761256165,2.0555091882124543,0,0.22193919820711017,2.6851018590556275
3.4561965213324344,0.01184501638635993,0,0.04705493338406086,0.5909230231188255
4.97915865009533,2.4987482407595962,1,0.06087714829482138,1.6835738872108708
4.385659898921631,0.022002440644428134,1,0.533630196005106,1.2581285964409405
4.129137136436402,0.6229769184719771,1,0.09829959110356867,0.20319679892613304
5.325881475542409,2.7198042233940214,0,0.41834637545980513,1.3422417493220253
1.4311113441259322,1.8353359303437173,0,0.12073640199378133,-0.2766327491234387
1.4165541517704607,1.1386777216102928,1,0.9253307108301669,-2.4986245063048136
2.4439045843284015,1.3073147549293935,0,0.009629517560824752,0.6952704884307145
-15.395825773659183,0.11229309858754277,0,0.48333620047196746,-4.555627318343214
3.553678024093058,2.920619741315022,1,0.7572244987823069,-1.9724183623872649
3.3834824914260584,1.29525374667719,1,0.9120926386676729,-0.11908268710441379
1.9640025366035205,2.872729789931327,0,0.7774692866951227,-0.32151898094824716
7.3072249820333015,2.6632647165097296,1,0.9741260693408549,-0.8407230406805841
4.343502568353101,1.9199363084044307,1,0.1620808036532253,1.9771820326572296
3.0852594311236974,2.912899831077084,1,0.3117350696120411,-2.139227582217256
-26.2356371481106,1.8565146219916642,0,0.43985639582388103,-5.22728693403022
6.419639405483233,1.0002816338092089,1,0.6511544331442565,1.5609037953243052
1.923446914431845,1.0402447446249425,0,0.6905988703947514,0.09021014710814035
2.3084498942195553,1.1954562342725694,0,0.19908521813340485,-0.21697831779513294
3.661827537569043,2.3540783270727843,1,0.7996468138881028,-0.7824486201419315
-3.8618115366737684,0.11680947337299585,0,0.7697398506570607,-3.3739990086571905
2.9081800551840753,2.2463861585129052,1,0.6593490110244602,-1.905408910303359
6.750129173511111,2.03183049056679,1,0.1401244574226439,1.0148282242067905
3.9207910544735833,0.5137929911725223,1,0.668272027047351,0.037632198013444654
-0.08669821124603594,0.7832638914696872,0,0.15233413479290903,-2.8378207471712478
4.741138170025584,1.5432388039771467,0,0.577878788812086,1.196343862704473
5.077375807108576,2.026821823557839,0,0.613630244974047,1.572759243486456
5.136926804655334,2.948451593751088,1,0.15072464593686163,-0.26926609180447475
3.809973549374177,2.2786328026559204,0,0.5361787423025817,-0.032773035230645946
7.335094137372758,1.699465272249654,0,0.5714744278229773,2.8182808164701814
3.3590223846036107,2.5490691557060927,0,0.6035794820636511,0.7896773976045316
7.499012028929628,0.5684218062087893,1,0.8413568269461393,2.4397502561449342
1.4585893394155458,0.8138598441146314,1,0.5276384851895273,-0.09015442574595235
6.57165494984495,2.484475455712527,0,0.2456119335256517,2.9589756896775645
2.8773247294953803,2.079614461166784,0,0.2985262784641236,-0.15136757338478415
3.5777032224423433,0.7216342189349234,1,0.8461478997487575,1.83549691439911
3.5606156801805,0.12896638805978,1,0.4482032412197441,-0.6895574274848257
2.1686103039536344,0.42143728234805167,0,0.6973960676696151,-2.1540053121078397
6.4397101297970245,0.6491562451701611,0,0.9474009110126644,2.0032094547165724
24.77170385937405,1.438195692608133,1,0.573085235664621,4.592008081542677
4.004340277278818,0.5922310268506408,0,0.4928612564690411,-0.6517562309000285
10.192896129286668,2.1580675130244344,1,0.49725810112431645,2.9377122570586356
3.324064906397248,0.02365421620197594,1,0.0936699346639216,-0.47381786634771805
5.252979589108059,1.1264698938466609,0,0.958697933703661,1.8469862357808569
0.8424076338501326,1.5432231249287724,0,0.19917822699062526,-1.9783836134028179
5.793989159275833,0.0047116626519709826,0,0.5328466852661222,0.5512925565734185
1.6301860675788311,1.7448120075277984,0,0.1352710798382759,-1.5273221871220741
1.2197399948726375,0.4737156245391816,1,0.2407062069978565,-2.7042239683999423
4.5726294144722885,1.077084917575121,0,0.18403613683767617,1.310048820456008
13.33715504873823,1.9368956352118403,1,0.6605567445512861,3.2192935207099156
4.214602542527121,2.3274700879119337,1,0.10363930719904602,-1.5770139317558205
1.755574937086072,1.6909405246842653,0,0.2802490086760372,-1.7677522250519906
1.0712128481791279,0.7011101958341897,1,0.004321658285334706,-2.145029223587163
1.845896833461143,0.26994154904969037,1,0.2254595858976245,-0.9162819628956813
5.3863077830535255,0.25683619477786124,1,0.7482732315547764,1.3312940311564543
3.6527798817741357,0.9156551084015518,0,0.028495955280959606,1.42445642483745
4.827810999128401,2.0022795440163463,1,0.7453864042181522,0.8859084549983237
4.399008054101311,7.166897412389517e-4,0,0.6210509312804788,1.519174624118358
2.9153456912709377,0.6257098708301783,1,0.401061526266858,-0.9377553320382471
4.310567283037346,2.799102382035926,1,0.342672306811437,-0.3454199557676737
4.518940815083929,2.776934245834127,0,0.23459508595988154,1.3640997987716144
6.140233481047725,2.202282903017476,1,0.7639049233403057,-0.5631546564830867
2.3434855034387443,0.9992159502580762,1,0.20834370842203498,-1.9232451478636416
-0.7132901059920496,1.545189989497885,0,0.224782983539626,-2.755300289465114
36.4116692588329,2.2319239389616996,1,0.6549555209930986,5.395173273276713
-3.2426339420594195,1.8574777201283723,1,0.49669921142049134,-3.3994301111258634
3.347842867869845,1.8787360335700214,0,0.58961844118312,0.05863330558840304
15.910454071744633,0.6514730947092175,1,0.4327791838441044,3.868628672302477
5.633921157684282,0.6497019329108298,1,0.6633574040606618,1.675021750355926
3.81892168041182,1.1668350859545171,0,0.6242096782661974,-0.3706926621693338
4.2967536863893345,2.82736707595177,0,0.501930054044351,1.066658355528773
13.27230249573149,2.887824041303247,1,0.29807239840738475,3.5699124840295227
5.045447230479709,2.2195658376440406,1,0.7320365211926401,0.37925563966026177
4.170263855904176,2.1997377171646804,0,0.8438046681694686,-1.1381750243732003
9.260169383453634,1.607283869991079,1,0.6668145132716745,2.9037858891442445
13.829873752968124,0.006818898255005479,1,0.5047013505827636,3.737986905130643
2.633066136488446,1.8268123576417565,1,0.7116844456177205,-1.9691097874750818
5.143159927336648,2.510404678294435,0,0.9756435954477638,1.4375135278087323
5.07572157451488,2.2545676880981773,1,0.6900391306262463,0.2586945939165238
7.899367416095476,1.3581947176717222,1,0.9954564389772713,1.4032826177867264
4.051015639296974,1.6073699814733118,0,0.9517321533057839,1.053395663774897
3.8730644284227367,1.6121300859376788,0,0.7615041772369295,-0.04102619790920466
2.272448911829038,0.004142530728131533,1,0.14570474880747497,0.8765020946139412
1.758395281018871,1.0669978614896536,1,0.17523036245256662,-2.421057131403074
-0.8050675374244174,1.8363992704544216,0,0.9342642726842314,-2.808839887657807
5.455433350364167,2.4868263916578144,1,0.4797922787256539,1.4414983144186237
4.850539373108754,1.0701659980695695,1,0.36911105387844145,0.17207100655345045
5.4633987163920334,1.2319053774699569,1,0.32540731062181294,-0.2632340828169201
-3.446392953262788,1.7204276968259364,1,0.47409466630779207,-3.352103957879677
3.278877227280919,1.7690349107142538,0,0.9310075242538005,-1.138995981536227
4.8311267507536115,2.158971877070144,1,0.532311444170773,0.38441030179308977
5.534201303839419,1.184919135645032,1,0.9165207499172539,-0.9726458415056435
4.823223153919443,2.7576117874123156,1,0.3269990917760879,0.16256802598775036
5.0313102461247095,2.887710880720988,1,0.30415509967133403,0.7697944935685935
3.787784167779801,0.7005705765914172,0,0.0053276121616363525,-0.27500394207636164
4.347454041055365,2.1734927999787033,0,0.4825263803359121,0.8551862184781877
4.440881473455912,2.7109035754110664,0,0.3771659650374204,-0.48612889707872686
2.0384080335060775,1.8104222542606294,1,0.13762754830531776,-0.6367056557077827
3.2550866307412516,1.8945218967273831,1,0.5165047727059573,-0.508212787016021
3.0398637087835283,2.8121575489640236,0,0.803295387653634,1.2777748603261312
4.303742286796767,2.5514482520520687,0,0.04112936998717487,1.6421307663321691
23.6083543727057,1.739462697179988,1,0.7133608704898506,4.670958173163916
1.9590050507316332,2.4642117717303336,0,0.7088196177501231,-1.9666151152221238
3.752223866463135,0.3411558272782713,0,0.8954947250895202,-1.4149148800125158
5.643711456895768,2.2935232759919018,0,0.2751623331569135,1.2882982026998364
10.856618498779147,1.8708403715863824,1,0.13480515079572797,3.2753306598924175
6.858297576011545,0.4453398201148957,0,0.9261553657706827,2.4532963493286144
3.8354129389814324,0.24079339974559844,1,0.6430650607217103,-0.9354112366616243
2.5099244387149238,1.3922086539678276,0,0.6044444695580751,-1.356462127475978
9.083394428982594,2.3381044843699783,1,0.30290276696905494,3.3928045426608766
10.602487922173294,2.2005838786717504,0,0.2151194743346423,3.0856937001781306
3.4919260651303996,2.451691333204508,0,0.8197162563446909,0.4290551841218859
10.72002581373283,0.510487443767488,0,0.5666030240245163,3.4013765915046346
4.192435818671545,2.83416097657755,0,0.9045274865347892,-0.015973659295785172
2.108733392415313,0.8808715241029859,0,0.6016356709878892,-1.6358007296055388
4.120704914630606,0.447216157335788,0,0.20074491947889328,-0.10122034056708734
4.444912106671095,2.1581357738468796,1,0.8191281068138778,0.159842173098067
-1.5571287610493887,0.9722578574437648,0,0.6563667661976069,-3.119142195788095
4.364273694297755,2.3364284955896437,1,0.43767271703109145,-0.3429959134925848
2.63364936102619,1.1833230054471642,1,0.13772464194335043,-0.8372141856646701
4.965837882160627,2.0357786037493497,1,0.021007286617532372,0.9825736360663221
7.073769025621408,2.3274751282297075,1,0.7082911971956491,-1.0624568624620596
2.2837789645095636,0.5636071320623159,0,0.09685776964761317,0.9644402354697917
2.9338823578864246,0.08725745673291385,1,0.08420315617695451,1.0725820800986499
2.194966843983728,0.40714139118790627,1,0.19565317989327013,-0.5586484157178032
5.577190087898318,2.0404925344046205,0,0.9853338650427759,-0.08701452940116772
26.80581276401693,2.8044688613153994,1,0.665042725391686,4.7630305839190274
7.596639209386485,1.6514822531025857,0,0.9882142366841435,3.096062226711227
7.204394131348131,1.8052987062837929,0,0.3878847947344184,3.109523997057957
4.753411821442191,0.5909834643825889,0,0.8139325783122331,0.11622246022782601
2.6210702552821017,1.6057098316960037,0,0.26948591019026935,-1.6795578310543282
1.7856297276344273,0.5386672178283334,0,0.4774921250063926,1.1422468973109654
1.995412090525841,1.3556594832334667,0,0.19908589753322303,0.132095565126111
77.84382798183151,0.9511600553523749,0,0.7461237614043057,7.1693189858599755
-7.756322622653308,0.34852401120588183,1,0.5610748727340251,-3.8637911073025357
1.3363195612972771,0.5583064702805132,0,0.21583195379935205,-0.4056650084919539
9.175814174430062,2.1891902899369597,0,0.19726463919505477,2.9674304085462193
-11.53639861519998,1.2356162136420608,1,0.05769499274902046,-4.19703280032901
5.1825812679113366,1.2421490452252328,1,0.3453441821038723,-0.519297332113519
4.852518198936263,1.44093038700521,1,0.6220518148038536,0.6681358717743677
4.339469365441354,1.2824833968188614,0,0.17361462675035,-0.43927518326643916
-0.25242272539474264,0.4094710804056376,0,0.005896285176277161,-1.8635436065782138
3.8262202136922383,2.4740382190793753,0,0.0825298975687474,-0.24448043659315236
8.96688355418684,1.7769127276260406,1,0.19000646122731268,2.6770568469235223
0.43240961516665677,2.3831909329164773,0,0.8302578194998205,-2.69666238008873
7.966971714890522,2.307097277138382,1,0.39754857192747295,2.829671449019963
4.26794946086854,2.754169251769781,0,0.09383629495278001,1.828097891029363
-1.0534009803126174,2.587889331160113,0,0.8898468450643122,-2.473375836986627
-1.975374840827587,0.9509257134050131,1,0.5291085341013968,-3.001520709349259
3.0777471631129822,0.7777817279566079,0,0.8258778736926615,0.06907736779306532
4.781080640305163,2.2267993558198214,1,0.28495438606478274,0.5725992908053837
9.733732683701009,2.2420833504293114,1,0.778178108856082,2.3724161876912198
3.481486652278001,2.7537121020723134,0,0.14492501877248287,-0.07509874368509606
2.92806861323269,2.379573627607897,0,0.22707688226364553,0.8407431879471186
7.954681409102221,0.3999888547696173,0,0.6023033312521875,2.5784929646855335
7.657811079217823,0.8632492565084249,1,0.892307948321104,2.341378370199235
5.088240898410762,0.5840284314472228,1,0.6454758283216506,1.652187308169425
4.0059734807445775,2.3523281479720026,1,0.43264966225251555,0.6478341301809688
4.5685843623075435,0.3866164851933718,0,0.8970045950263739,0.7619008229090978
7.419196939433808,0.38726785057224333,0,0.9455679603852332,2.405239165586582
6.170175661140165,0.21675933385267854,1,0.6274946078192443,2.2044115014642767
5.085413975696824,0.15938845044001937,1,0.08301802771165967,-0.12302987995829295
5.828606746550475,1.5956233092583716,0,0.44493554532527924,0.7291798279915571
10.130342992679035,0.33692472497932613,0,0.3616007952950895,3.3851045999715406
10.608210310756895,2.229563159169629,1,0.9953722420614213,2.9427340249439684
0.7737060078257829,2.1939464318566024,0,0.4993489212356508,-1.9544953226882384
7.5727387085548985,2.6553530611563474,0,0.25775425299070776,2.8964033491638723
3.2888937335503763,1.5513331666588783,0,0.72443926660344,-0.1717113211837304
-1.9416009473471518,2.5557929549831897,1,0.15788623364642262,-3.1475396033069116
8.528117906456524,1.328388804802671,0,0.31545747723430395,2.584952318933389
2.7039285277209153,0.4736403012648225,1,0.2962855405639857,0.1689355111354321
6.304363736559441,1.3269739164970815,1,0.6794728597160429,1.9340919929601783
17.360969597308095,2.9032010016962886,1,0.4560403022915125,3.8782259884340373
6.003110436410812,1.4537637883331627,1,0.01938680768944323,2.159745276331273
4.215072249206873,0.7573753183241934,0,0.7258902052417397,-0.7071870536663065
3.062254319024574,0.779069940559566,1,0.3270677365362644,-0.2698462494371295
2.4768425777877754,1.6260478226467967,1,0.661238310392946,-1.9742648666150024
2.761676336678846,1.9496275128331035,1,0.35506226983852684,-1.643416292120786
1.4531510872738704,1.0092573969159275,0,0.4578901003114879,0.9790618450294615
4.168083693857883,0.18284923885948956,0,0.5849852124229074,-0.5985549178189563
3.9137023836946034,1.3539325506426394,1,0.19584334967657924,1.3165097971487107
5.263633780782422,2.5162651003338397,1,0.2589550050906837,1.6648190993415817
4.612281929803994,1.7239120029844344,0,0.870197948301211,0.726926522445387
3.067788484753285,1.0600511322263628,0,0.11926835216581821,-0.7972913172339046
-1.6688846229667298,1.6422782347071916,0,0.8202403939794749,-2.9958599790113953
4.384520550357972,2.6781557814683765,1,0.5721841587219387,0.2292563505449323
3.0618078583097175,1.4699717117473483,0,0.23441636143252254,-2.075633234673259
4.402274702921428,0.5148963395040482,1,0.5740204441826791,1.2919577425231346
5.4265997576869784,1.6290929820388556,1,0.7538890275172889,1.5456908001171545
4.133238752247415,2.8844030876643956,0,0.10287901689298451,0.6320283162408328
2.733583232726146,0.9410514661576599,1,0.6736757098697126,-2.0762256495964673
2.7747801862447696,2.461543644312769,1,0.11318689398467541,-1.510274580177707
3.7161909338172148,0.9211632013320923,1,0.8520397199317813,-0.983008619385164
2.6269322464420353,0.5563607434742153,0,0.3989515183493495,0.29445149021568984
22.88594962508453,0.14504033024422824,1,0.5594713499303907,4.713006086570661
2.4384012351146604,0.7370224418118596,1,0.48549236333929,-1.8413375342118088
-11.806293451931671,1.0533207664266229,1,0.12692099018022418,-4.313695566417694
3.317609314212494,0.4770671452861279,0,0.8385609986726195,-0.24080009912260533
3.284296955048601,0.9122939903754741,0,0.7888679280877113,-1.6784886591274175
-11.959066462417644,0.05264497431926429,1,0.6635215901769698,-4.344879817429566
3.545621871631997,2.9896580376662314,1,0.2330875361803919,-1.748615952308574
4.602299459119302,2.4131799379829317,1,0.9537545666098595,-0.7471586978049947
0.986335013233518,0.259741805261001,1,0.7009758718777448,-2.204395424192847
3.892099495110769,2.609799809055403,0,0.5850084172561765,1.431319721326888
7.545330402619234,1.663757590111345,1,0.9528834593947977,1.8152806113683506
3.94811595708227,1.2641352654900402,0,0.9118486095685512,-0.6496102675702666
-2.48631760547178,0.20291045727208257,1,0.07797458628192544,-2.9631718645634915
2.952741085146995,1.6843138695694506,0,0.06755457608960569,1.1883422777270838
3.1204224056897196,0.21216568280942738,1,0.9408455004449934,-1.709749374239089
2.701140265660431,0.6341758165508509,1,0.16728589218109846,-1.6598350732650944
5.262938410609573,1.6488612403627485,0,0.9119979024399072,0.2982136299283122
1.9797177618257855,1.4459443450905383,1,0.16831759735941887,-1.9522920827680943
4.4737108643036665,0.47840956365689635,1,0.29850791045464575,-0.5893688153127757
1.8986848142173836,0.4487369852140546,1,0.038527573458850384,-1.5419498316306939
3.717140261965572,1.4978186411317438,0,0.40080160996876657,0.7845674141574852
3.7081495210373037,2.8216946341563016,1,0.6128191635943949,-1.6926118097689895
3.7925386958652476,1.0026939797680825,1,0.24640458240173757,-1.6875198618609055
3.279047484246155,0.5653029887471348,1,0.02302810736000538,-1.9237768885765365
4.819577416491185,0.8091485348995775,0,0.28421417716890574,0.022099306713089358
7.366840721393949,1.5922322343103588,0,0.8128926835488528,2.429897930843687
2.1220493637794924,0.06435068557038903,1,0.7189183852169663,-1.7777570314765685
3.421943132798776,2.396280922461301,0,0.5295767437200993,0.4362025228932067
3.199252254804176,0.33100530062802136,1,0.18433724390342832,-1.3122339992140764
-0.47933899263404633,1.6193948574364185,0,0.6716221286915243,-2.1770316945613275
6.923424852869314,1.7137016924098134,0,0.4245253202971071,2.1822617962153954
3.126007973483004,1.856854640878737,1,0.5616654257755727,-1.138454643315598
10.868372240736958,2.1445610804948956,1,0.4427883808966726,3.241620261181201
4.9309229894239746,0.3699017360340804,1,0.9330681611318141,-1.3739768911674815
4.7916261927458415,0.9331488562747836,1,0.46153288800269365,1.313993407137264
6.293625950899438,2.837217487860471,0,0.6289834768977016,2.221384430469408
18.518691774689948,1.5000752771738917,0,0.5719915216322988,4.281441460132657
1.3671719810471572,0.40569149726070464,1,0.6840942611452192,-1.6619436182647922
4.457972759486401,2.6077734616119415,1,0.9448196801822633,0.15281171239627062
5.154677364258508,0.6151488362811506,1,0.03378913993947208,1.8716488923981056
5.228632621397675,2.775137672899291,1,0.32587523222900927,-1.0033334057296202
4.184804921812253,2.660260794684291,0,0.8046668816823512,1.1897069277023602
2.691407238594081,0.40888747572898865,0,0.21334158629179,-0.8613023382727413
2.6234608558010866,2.356048326473683,1,0.3945930548943579,-2.2666781053455827
-14.751568261480339,1.359910242492333,0,0.785902559524402,-4.4743431195392604
3.75140088957258,0.40722725819796324,0,0.02192681562155485,1.0292791448862841
3.81071050377251,2.6556631105486304,1,0.6482025720179081,-0.6838142303258448
14.05288427127957,1.0101406204048544,1,0.5749855709727854,3.4357548576385786
-1.337933925039542,0.9578223454300314,0,0.5932014053687453,-2.2327558173159225
5.429983808841541,1.211348444223404,1,0.5928633930161595,-0.9769592383256946
3.9093582382949577,1.4372319211252034,0,0.7227358522359282,1.6146645868155163
4.976068747871423,1.1037054606713355,0,0.7522358885034919,-0.5220174833415724
2.50324500799437,1.3970717028714716,1,0.078985253581777215,0.9761198356531577
7.3594206071778325,0.14967645867727697,0,0.7291523658204824,2.70556764193902
20.570829927197153,0.5620701347943395,0,0.8561760811135173,4.35363118261851
2.7030175836105905,2.9479782411362976,0,0.712299736449495,0.10277422241367606
2.1983888633194613,0.9848222087603062,0,0.6750560253858566,-1.6761908904708285
2.6865436713772217,0.5129891715478152,1,0.9764787233434618,-2.1692300186168447
4.848956376051889,1.4647646835073829,1,0.8292772357817739,-1.0930655381466834
2.623431381000856,0.05606223503127694,1,0.9472814467735589,-0.8530194094094113
-0.5733792581206754,1.0184552511200309,0,0.27474726759828627,-2.4219951107995716
4.167590795405736,0.08899012673646212,1,0.5741282193921506,1.1955859955580506
9.06921373417851,2.6016859891824424,0,0.03274195990525186,2.84779157816787
4.051469054173537,2.195122799137607,0,0.4437624423298985,-0.8865972511166911
-0.006963501239940495,0.9457823904231191,0,0.31398377334699035,-2.0806669313485773
-0.2204747430099956,1.1593620353378356,1,0.2275913238991052,-2.547794156814495
2.5735852107573933,0.9973379715811461,1,0.18224389874376357,1.5403032240235934
4.617359133516532,0.2693339134566486,0,0.8329131519421935,0.06304524395305802
-6.8073229129631,2.2711668075062335,1,0.9868840945418924,-3.8097095028765335
3.1757940546802406,1.808905491605401,0,0.1896929326467216,-0.24751035429114107
4.1668739164980355,0.43619991769082844,1,0.33963239938020706,6.567544268766682e-4
2.3667209383586214,0.0975524503737688,0,0.46095343329943717,-1.6875566894577136
0.3758489021793263,1.4513044247869402,1,0.4146209927275777,-2.4426667408578533
4.479251784621032,1.3337085836101323,1,0.8459804549347609,-0.9059719872310137
1.9704924165872035,0.18115676986053586,0,0.8561041527427733,-1.4046398625622551
5.335324378864421,0.9825180661864579,0,0.45158725371584296,-1.3487607709702523
-18.30741705269045,2.635287141893059,0,0.7324851637240499,-4.606046380971814
7.270221709643173,2.791814658790827,1,0.675966499838978,-0.2986658095657456
6.275343293020245,1.1765353709924966,1,0.7495475499890745,1.8973791799402575
6.087761520798291,0.4765403245110065,1,0.9592238296754658,2.3127249210471352
19.031855871139364,0.959842803189531,1,0.9957771103363484,4.148704971795235
3.961937996368194,0.9208968607708812,0,0.9803539421409369,0.5305799406429174
3.9556106657436247,0.32343376334756613,0,0.5659665379207581,-2.1040076582809317
7.795808102462111,2.9380029102321714,1,0.9160005545709282,1.0046844724372592
6.867166406154661,1.4907102843280882,0,0.971621370408684,2.199690046243734
14.421448627483828,0.2792240157723427,0,0.9634276714641601,3.773009660828347
4.606048075306663,0.6353209745138884,0,0.6001434458885342,1.6225070013787908
6.979235881854541,2.79150223871693,0,0.1960578381549567,2.836487617587921
2.2504056279708156,0.8905392203014344,0,0.07227953057736158,0.878339803405907
0.7472976462171494,1.9596547465771437,1,0.407644767081365,-2.5550032172021986
4.872877330532165,2.7032114337198436,1,0.012965336907655,-1.7227464104228867
15.747635038558084,2.9723873797338456,1,0.9893149393610656,3.7739717499421763
4.576485560375283,1.2909996639937162,0,0.7420516693964601,1.4081746263658084
4.620770708131422,1.1813307667616755,0,0.8043167139403522,-1.3354410506640593
3.233360736147539,0.42572668637149036,1,0.1588368338998407,-1.4114286841143064
3.5165232456146542,0.839420089032501,1,0.8178704171441495,-1.8414371598287527
3.715379782472212,1.69446666771546,1,0.5167396427132189,0.2969465839920573
5.3944244520633395,2.8054185162764043,1,0.8950448499526829,-0.5000347222655471
2.1765054760425664,1.0752004352398217,1,0.9622194706462324,-1.8835379082225978
7.136944987534429,2.5260215427260846,1,0.7654191954061389,2.4283980372778484
3.5584070578992035,2.1672276430763304,1,0.635772954672575,0.037132866000452076
4.20698683825326,2.252207967918366,0,0.9534211969003081,1.5156633989150956
5.020110649386293,2.77196535654366,1,0.38701885286718607,-0.7601253999920128
3.156963146164769,0.007134320447221398,0,0.24905425123870373,0.34989742669443763
4.058615658532013,0.4812897448427975,1,0.02714116871356964,2.06704661804952
3.470701332384615,1.197818853892386,1,0.3513484541326761,1.351447990864941
4.2182361690654275,2.025958732003346,1,0.21166740939952433,1.8825624858251402
-5.3026988159658694,1.4411160489544272,1,0.31414901022799313,-3.6532601450278968
3.565502291988114,1.601486342260614,0,0.2824367191642523,0.3544087625931259
1.8689107574187989,0.9508504718542099,0,0.2941643644589931,-0.38361572389453763
2.8534800725298366,2.4442727705463767,1,0.7530773675534874,-1.3003974200196584
3.5070977428870083,0.8766585637349635,1,0.4208896674681455,-1.121392682520002
11.368396240540307,1.227396273985505,1,0.6856144787743688,3.3515315865998865
2.8707544543726238,0.2727549229748547,0,0.9502138991374522,0.8610692008784814
5.739068380041694,2.395789914065972,1,0.5055704126134515,-0.28921324071449295
4.9878365682139965,1.0793557490687817,1,0.18955725198611617,1.8780514242882018
3.291946932310315,0.12146273022517562,0,0.5715193822979927,-1.0909934990465828
4.354862359936552,0.1232590195722878,1,0.6733934988733381,0.27770072643129184
8.653212104914404,2.8633027151226997,0,0.38662619632668793,2.8937246267051053
3.5798688935536034,1.1200237346347421,0,0.9667076936457306,-0.6652561723010718
2.770619482086709,2.419259002665058,1,0.5120570838917047,-1.598312544526428
5.320511088859779,2.7301770269405097,1,0.03688302310183644,-1.0965854902648147
0.03986118205314493,1.3202286385931075,0,0.6070636955555528,-2.1015924090388363
6.086364727837558,1.7290095090866089,1,0.8166036447510123,0.5053249820666574
3.1887247574914097,0.22100338549353182,0,0.6733413124457002,0.6557237079905954
6.234391409510296,0.49388218321837485,0,0.15652116225101054,1.7113448009810062
14.229906619341369,2.219672327628359,1,0.9661972690373659,3.603524543254985
7.812475199940989,1.427133038174361,0,0.9240018259733915,2.8104816234974686
0.04331862591797117,2.0565628597978503,0,0.13306397758424282,-2.501583588271333
17.888575884052283,2.8545448284130543,0,0.7886306245345622,3.998217708945507
2.870737233455192,1.4923934626858681,1,0.9298678361810744,0.2785569751842945
3.244630812718716,1.4115018798038363,0,0.6451188968494534,-0.7733382068794474
15.107367506353238,1.6805758501868695,1,0.7490529399365187,3.711271380886951
4.711403454776258,1.9575303616002202,1,0.4586694242898375,0.8577107689525599
11.472788410970834,0.8387204962782562,0,0.06113341171294451,3.4615802791795405
2.709947292426823,2.939722768496722,0,0.033411056734621525,-0.08704734827863973
2.5910926203297837,1.9315923240501434,1,0.3908719257451594,-1.46217161627502
-6.108062758573981,1.7477353073190898,0,0.18818599148653448,-3.9319281524412597
4.102650909333619,1.8476130778435618,0,0.2645622652489692,2.2537306303770426
3.0636946042444873,2.7754208834376186,0,0.20063334074802697,-1.7761687768682295
3.7111537568602024,1.1700686858966947,1,0.17540986533276737,1.7427185207839841
1.9001090881737834,0.8637590550351888,0,0.896244295174256,0.2397871332326816
3.3814727050230178,0.2722078941296786,0,0.06203818856738508,0.9448698896068081
9.254619051895949,0.9661017120815814,1,0.4111320886295289,2.5332798196401174
3.7569156813924476,2.274810337694362,0,0.3106170587707311,-0.9706327578938038
1.635764671214763,0.31323878886178136,0,0.43071064492687583,-0.9230671723686857
2.6532577539989184,2.130833557806909,0,0.3316505670081824,-0.4635166745575298
4.395458847223888,2.899432150879875,0,0.23823288246057928,2.120707544876374
2.0567664737141342,0.6044736786279827,0,0.37314139190129936,-0.9495714090025437
4.5096602829493175,0.3254659634549171,0,0.49069723626598716,-0.35102056191542896
6.305647186312736,0.16620653634890914,0,0.01964610698632896,1.5926489981782908
3.576405807208486,2.489170545246452,1,0.029511887347325683,1.5574906317061403
5.302256524762833,1.7435932697262615,0,0.6705753896385431,1.5936051324921885
3.4634278574109283,1.410277125891298,1,0.8245484547223896,0.09810314567267507
5.576209943420006,1.0950423600152135,0,0.7722723663318902,1.525225869669645
4.0247893131592685,0.8403738818597049,0,0.7667660021688789,0.571986139272793
3.9960038251539953,1.7991475649178028,1,0.7851318179164082,-1.2656300763056538
14.027391003019853,2.4557088387664407,0,0.9177865767851472,3.6087689616021934
-4.355804556111311,0.29349684133194387,0,0.779569620732218,-3.7260219460284962
7.245364005210522,2.8910685782320797,1,0.4205892763566226,1.691056762426112
3.446675915600803,0.5062093301676214,0,0.5794576855842024,0.6833353657892117
4.553102792301872,0.25825021765194833,0,0.7976993145421147,0.045555212286937465
2.4692187117618642,2.58363208710216,0,0.9289954164996743,-1.2227999768932878
4.302386381073054,1.5743718061130494,1,0.11331332754343748,-0.521053544949506
13.570603761775777,1.9704326258506626,0,0.19039122783578932,3.6113406292860764
4.57304485465256,0.6885581184178591,1,0.7711665162350982,-0.19399853400730122
2.4225883225539104,2.163678094279021,0,0.10998560092411935,-0.7689733995701146
3.2333303716760295,1.472251184983179,1,0.6265693977475166,-1.756724285010027
2.855997726610257,2.8957667774520814,0,0.6322573281358927,-0.991157043873837
4.3085235834647335,2.7208274414297193,0,0.8666186123155057,-0.16858490714890365
0.18243513714059412,1.6537515835370868,1,0.6703298187348992,-2.7154441341099895
6.011205962065704,0.22679729852825403,0,0.8466962755192071,2.2853956335341485
2.6306389233661682,0.06810003379359841,1,0.22767775133252144,0.19565407489437692
9.231380459601466,1.5397185834590346,0,0.1332222232595086,2.930042057193524
6.352615377505587,1.892178454902023,1,0.5146004653070122,1.9808717054485774
7.256209221584866,1.2563148729968816,0,0.6827086738776416,2.828773501444548
0.06342529387904483,2.637797835515812,0,0.6267696148715913,-2.6717955386266827
3.7354498066521553,0.3239612190518528,0,0.9720911351032555,1.1591672767865224
3.675354780218075,2.9408360891975462,0,0.6479070447385311,-0.7236424285972962
5.555955443665464,0.7948998939245939,1,0.2926535487640649,-0.09370489930357202
2.42394454948796,0.2528325696475804,0,0.8096362114883959,-1.1989549428235424
4.01124604799707,1.157721527153626,0,0.7753376646433026,0.4302089864456663
2.402208617173218,0.3746874814387411,0,0.8246901577804238,0.18726297095808192
-11.06847236024139,1.7446626650635153,0,0.556943126488477,-4.239668830262694
2.5571081160952334,0.7204488243442029,0,0.007574288407340646,1.7048861776494084
1.7692556751788642,2.1656636658590287,0,0.46513413172215223,0.3087491446265197
3.046517598349315,0.4377860720269382,0,0.9580053500831127,-1.9437232804108313
0.876316106727235,0.45851631090044975,0,0.7647308639716357,-2.20285567184627
1.5675327810969164,0.7776680106762797,1,0.6758059584535658,-1.3804897765941957
-3.84269129075208,2.333658780204132,0,0.8363278969191015,-3.1672698444224943
4.363933123889664,1.2793988990597427,0,0.284216663101688,0.2755321330276717
9.00179394030654,0.18014500848948956,1,0.3105320499744266,3.0046879099256545
3.351911832979487,0.34449761104770005,0,0.1325057011563331,0.3857631742965453
4.723523446340926,1.44827069202438,0,0.5959332506172359,1.05430946904765
0.26400364328502,2.9375207517296076,1,0.8172843239735812,-2.966412582404761
-4.02515644404477,2.434550360776484,1,0.7733793517109007,-3.078401446618813
2.495677705779628,1.628738451283425,0,0.628580471733585,-1.7928657738286455
2.4209853972612976,0.21710126101970673,1,0.10674296086654067,1.4421399594964415
1.8190920807572826,1.3994557382538915,0,0.8595031904987991,-1.7690038893730873
2.5774479949391007,1.0197169377934188,0,0.9276076124515384,1.1171970514171052
4.86318253240891,2.069755815435201,1,0.47595216264016926,-0.4374750096925787
6.325716820132262,1.5424721161834896,1,0.17849364434368908,0.7672469647731948
2.0951284827499754,1.5447690468281507,0,0.40380177088081837,-2.0782402204936843
5.356715451971141,1.6365430620498955,1,0.9737307503819466,-1.8979844971416542
4.42474945858569,1.34237199020572,1,0.9875006377696991,-0.20832190796690447
3.108409320630784,0.2516545210964978,1,0.5345735540613532,-0.41742220544781544
-5.350049622863454,2.7904010752681643,0,0.02087553357705474,-3.5774603905043474
2.3020631739351956,0.049344558734446764,1,0.2818802883848548,1.0741688421730096
-9.530348727458664,1.2422771982382983,0,0.6520697632804513,-3.8993921401856793
1.1855828344296677,0.6809282801114023,1,0.9279032018966973,-0.8304689231064318
1.4243620520178282,0.298921762034297,0,0.6498121418990195,0.11025934118603582
2.5472635970619146,1.4487716252915561,0,0.5424345578067005,-1.4039994381775447
0.3427793217117468,1.9503860143013299,1,0.669558935565874,-2.8076780651479503
3.503944854291509,2.76398933515884,0,0.9554415189195424,-0.7976478617850412
2.349875128655919,1.0878054213244468,1,0.7116259126923978,-0.22084359912961027
2.2059852688897648,2.5654049701988697,1,0.3398710945621133,-1.8481569025467979
-1.3983678162063553,0.9027184545993805,0,0.39111798140220344,-2.7144860008315117
2.1712100720171437,1.3969872754532844,1,0.3009877724107355,-2.389208965502574
4.172216943022112,0.4281919947825372,1,0.8782510012388229,-1.0569755585755747
3.6499803461908575,2.4231569808907807,1,0.4137573989573866,-0.9052537734418992
6.9674792500493075,1.9974228953942657,1,0.007058410905301571,2.838970386322679
-0.3922620917874809,0.1858229397330433,1,0.08157869032584131,-2.5713622890314327
2.1688368828265245,1.292776704998687,1,0.21024648915044963,0.7622978787239565
3.4825922945190086,1.190565244294703,1,0.6706039940472692,-0.8349372021955481
4.191331700484719,2.0908702542074025,1,0.45258041634224355,0.18572284157547206
4.182988626353473,1.9779589518439025,0,0.42799242422915995,-1.327169071552443
5.28860464558199,1.2220521289855242,0,0.5648259087465703,1.6056547790151123
-4.192880549348415,0.920760661130771,1,0.04647410288453102,-3.4061652907891067
3.447639482891598,0.7653220351785421,0,0.6578048449009657,0.3078141451296857
3.215754549635394,2.0177044600714,0,0.7037325042765588,0.05215099984272631
6.224154023544166,2.683180300751701,0,0.7386991139501333,2.1117267581702173
2.14243155623884,2.5372084686532617,0,0.5546275849919766,-0.4489342287010086
3.4968435716771293,1.1787055707536638,1,0.06571105029433966,0.9931927787460735
5.02419118357631,0.23715161997824907,1,0.5724466613028198,0.7992679092736681
2.2564855249152904,2.485269170952961,0,0.5030601012986153,-1.2938255013709763
1.9273261661516,0.2186754746362567,0,0.4549386620055884,-0.16752552957506894
3.8691591175262894,0.3442880327347666,1,0.699919157428667,-0.26724240001903815
6.908761546105166,1.9199528102762997,1,0.40812682663090527,2.2392077109483814
5.636077048318475,0.9616986005567014,0,0.9076357695739716,0.4784419451652085
2.363298253614101,0.5662485784851015,0,0.23152828612364829,0.5812044317157103
23.52362422136526,1.1814889234956354,0,0.4547902273479849,4.687202836837274
5.14648808544377,2.586078047985211,0,0.7910456461831927,0.8325962247727993
4.275275285362851,1.0437342196237296,1,0.9451063042506576,0.7249621557385634
4.322401888751335,0.0043016953859478235,0,0.7776864115148783,1.0633652509522424
9.795107736020686,2.7338533611036837,0,0.38915268355049193,3.09608447667962
7.992039111008707,2.8551703467965126,1,0.8560901854652911,1.922976601211542
4.459101692080466,1.4727569490205497,0,0.48010178026743233,0.6768723572129264
2.7408292073426415,1.3909551459364593,0,0.1466762744821608,-1.2219060085382243
3.24201977867126,1.7894161404110491,1,0.5636437996290624,0.7141041008203968
3.085108532772429,2.7181528718210757,0,0.15987203107215464,0.28301735975437625
-5.5999623741221995,0.5190035370178521,1,0.3076999227050692,-3.672582687557299
0.39026614655678005,2.35764323011972,1,0.7900516632944345,-3.0820620927876785
-4.815996618869421,0.6988031538203359,0,0.7629851989913732,-3.5887657288357344
7.7120362308054515,1.7311446270905435,1,0.8407773333601654,2.8290298169174783
4.8549904477035755,2.5226310999132693,1,0.08918556105345488,1.2366757835219513
-18.387368231547107,0.39661133056506515,1,0.3223819644190371,-4.700910774398559
3.1833124926091445,2.687673568725586,0,0.4977485598064959,0.9340631721882308
2.7633400986039316,1.3504120234865695,1,0.18619074649177492,0.1276638762870249
4.9749282731942746,2.682427613530308,0,0.294411463662982,-0.5125208836405477
3.150560333107861,0.7456355416215956,1,0.6221627912018448,-1.4890440765067392
1.883717901739244,0.2510858809109777,0,0.2921640402637422,-2.538050553088453
2.466975689664223,0.14592322404496372,1,0.10901336674578488,1.7252560158615815
4.254236189495651,2.9394476010929793,1,0.8752254766877741,-1.1538693437940308
4.483943000905009,1.452503223437816,0,0.692374812439084,-0.2645346965800607
3.6447155786867924,2.5361791017930955,0,0.8536506104283035,1.1736562011759866
6.184735521221761,1.2488808135967702,0,0.9539221979212016,1.070000553995203
3.1957592937898145,1.468027628492564,0,0.9449814665131271,-0.7868198739345068
0.8851682467986284,0.5498634525574744,1,0.01999494107440114,-1.0812188344187226
4.470626769249572,2.2774844036903232,1,0.3959682553540915,0.5189018304691632
0.7074887506422665,0.9154299076180905,1,0.26453795097768307,-2.3565575220177184
3.4205029292713918,0.4970347413327545,0,0.5129237785004079,0.6122769570973421
2.9439832978016476,0.09842742886394262,0,0.7613946243654937,0.34696245824070693
2.3998931356998963,0.4095156246330589,0,0.06038097874261439,0.50115613434042094
3.3716467609530474,0.5314092342741787,1,0.9330043683294207,-0.5558480983220289
-5.267013598556362,1.5586813513655216,0,0.34894162439741194,-3.4494714685256884
-9.449358524909373,2.4333623552229255,1,0.4117978934664279,-4.013409887711375
1.6277399203730945,0.3460860375780612,0,0.9611464776098728,-2.5836166609369178
4.070089477933875,2.6802653598133475,1,0.5310729139018804,0.7316764569665914
5.475222738655269,1.7260586433112621,1,0.33851194311864674,-0.30440650781686224
1.5435190818377726,0.4397171828895807,0,0.6307547339238226,-1.4681881801524175
3.1989107248837576,2.708417389076203,0,0.12173876585438848,-1.5639441139631813
3.562735483148497,0.7590074082836509,0,0.8974686674773693,1.1031340696254175
-2.81355861221156,0.4517928007990122,1,0.5167086222209036,-3.221681968860136
5.243998129599121,2.30564147955738,0,0.8094652418512851,1.4963528661808867
3.4668741874431577,0.6903699932154268,1,0.8937075645662844,0.8985920224751757
2.5631373714519796,0.9161979840137064,0,0.3795748169068247,-1.7401250408873095
3.7889571356811262,1.5557088365312666,1,0.057286100927740335,-0.1954958627158809
3.3669605824959863,1.0037990002892911,0,0.345732118235901,1.7862004274325312
8.152785283899053,0.4633049047552049,1,0.3998171277344227,2.701830190532505
6.586501016968921,0.7991087059490383,0,0.6064892194699496,2.9779407886170017
5.831938531165563,1.0522638503462076,1,0.6800471101887524,0.7421344256945361
5.255165355114265,1.7353751363698393,1,0.20694135734811425,-0.4289464870251385
5.138441155295404,2.4258053856901824,1,0.9760091239586473,0.9109891798782898
2.5677772244511714,2.799810944823548,0,0.02756193932145834,-0.5162222205121365
2.0019509273543608,2.5015900125727057,0,0.2690773655194789,-2.005847504208233
3.969925717746477,0.38100832351483405,1,0.30237027374096215,1.6882869655958812
4.276698766048265,1.9483618545345962,0,0.9356717928312719,1.3893175517932692
7.044310534913655,2.0710549727082253,0,0.606256389291957,2.5220074952946057
10.691934733773083,0.09613447333686054,1,0.33254545321688056,3.3331185786753434
11.752327421606028,2.761467449599877,1,0.5596618608105928,2.9437158761786866
4.3200348339212695,1.4354066611267626,1,0.15126625774428248,1.5786314101688599
2.981786305884414,0.7995617352426052,1,0.45740777393803,-0.07290854236668644
1.9945556328262461,2.5695321487728506,0,0.12832713313400745,-0.18256655328500387
2.7266897998704263,0.687439433299005,1,0.061590532306581736,-0.825725878083804
1.6757371515686534,2.3758406199049205,0,0.41250801156274974,-1.5621223966401625
5.3669013841497435,1.940324580995366,1,0.546634909696877,-0.7801855708237626
4.108866793227221,1.2730040720198303,0,0.49105857592076063,1.2276752440185152
3.733955073701693,0.2852048040367663,1,0.6049502929672599,0.7693540406664844
0.5970631143018202,0.01040311180986464,0,0.37338479422032833,-2.411313299636747
5.821511530408523,1.5934010068885982,0,0.9788138004951179,2.3957024400280758
10.434872383823604,1.5729213478043675,1,0.853651417652145,2.582282533313705
9.355752412738743,0.6395566638093442,1,0.007975502405315638,2.9661432050410474
2.5035861136680952,2.1507962399628013,1,0.5751656573265791,-2.447190471623185
4.653158258915619,2.8840307286009192,1,0.1537614380940795,-0.8263492687420596
3.5071214590715742,1.5547997988760471,0,0.4578595624770969,-0.8191617324245888
4.161011238070351,0.5235840668901801,0,0.6299281765241176,-0.9023294365244111
3.4196562043550385,1.6876204046420753,0,0.2734025602694601,-1.129397903456286
4.744397344501048,2.2777745090425014,1,0.10595681634731591,-1.120020668993404
1.1901185735104889,2.0009140125475824,0,0.0974849914200604,-1.9411161339844092
5.2885490486873525,0.6746187696699053,1,0.9649805454537272,-1.1256470923468609
2.0118494131041746,1.0375492873135954,1,0.025037269107997417,-0.6640728865964377
6.214028707899163,0.9594952797051519,1,0.896651475224644,0.38730021949859206
3.857779388208973,2.714695192873478,0,0.5844970848411322,1.2112857125444416
5.574586041103518,0.597595140337944,1,0.662530409405008,1.9157471988500143
3.6516751826310365,2.042889049742371,1,0.5101064711343497,-1.6016368779687937
2.404255778949442,0.41255327593535185,0,0.24718454107642174,0.0850973112104843
23.99574200901389,0.3209840606432408,1,0.9138771167490631,4.671401724026815
5.070395162075377,0.27857818733900785,1,0.5722990874201059,-0.9237349116439697
6.337960665551803,2.749346865573898,0,0.6145102148875594,1.4808598120813141
1.9334063457530595,0.8311813075561076,0,0.5350689522456378,-1.3966893213645357
6.077314984531285,2.657381631899625,0,0.7873376910574734,2.1307378029112485
4.646038555726372,2.3185939486138523,1,0.7646249162498862,1.091033642677525
2.36802306980668,2.385153708513826,0,0.5163466243539006,-1.8364186404864105
5.684752913394198,0.6170207792893052,1,0.30371411284431815,2.050382687352136
5.043970823242812,0.144579968880862,1,0.20658609131351113,2.251476805812262
4.830397766096187,0.116447793552652,0,0.44229873619042337,1.7656007699968113
-28.65354785618711,0.8537223895546049,0,0.6139544122852385,-5.53615722170138
3.098857207824288,1.0464294974226505,1,0.6518188496120274,0.28765315771252786
8.852737232600814,2.2123599762562662,0,0.6329915702808648,3.0397662503036065
4.388071291801835,0.7549907437060028,1,0.7214118868578225,-0.3426321560421333
3.900310675361489,1.5523110092617571,1,0.20685201860032976,-1.3162899986359011
3.449003921985091,2.278334168018773,0,0.38729666359722614,-0.30858920417277513
-17.81761081532937,1.908253583824262,0,0.48853226425126195,-4.766078632673407
1.09144346483138,0.6118220561183989,1,0.30996718909591436,-2.276594182563207
4.16621192195988,2.9791358462534845,0,0.977292031282559,-0.17451106562507723
4.686196633328174,0.001215130090713501,0,0.8223088111262769,1.6706534412884049
4.370966983980821,0.6197100752033293,1,0.1293928036466241,0.4242217363830113
5.554966118359248,1.90208427188918,1,0.47129145939834416,1.2826926028091092
2.1513401526434577,0.05187547579407692,0,0.9295136770233512,-2.0642019355717953
9.706388307831315,0.08020641398616135,0,0.14548516902141273,2.9715413075062083
7.191825008383223,1.8235217852052301,1,0.41018507815897465,2.3809524945558174
4.037173306461495,1.7116240581963211,0,0.08212605980224907,1.2344534629528712
4.519280569598559,0.7375600438099355,1,0.930871162796393,-0.34587664893174286
4.229194454049283,2.758575259242207,0,0.8183437113184482,1.7231608815139503
4.560470423032164,2.0166486050002277,1,0.19959935056976974,-1.2401718490888818
0.692428481307132,1.9363513179123402,0,0.6266567050479352,-1.7564260945368095
-14.892300090523701,0.6248563639819622,1,0.4736111566890031,-4.4571902937524115
4.272883387244666,1.441853207303211,0,0.6337072993628681,0.38652645053500406
-14.927885057775864,2.9595557497814298,0,0.6221884384285659,-4.6253134338806134
2.3820196661412947,2.9793595431838185,0,0.8889457774348557,-0.04866758427146214
5.451479642405702,1.35232210974209,1,0.4551777115557343,0.8826811784781043
3.3627586387452806,2.1445463583804667,0,0.9093520292080939,1.5791535075391354
4.8556840504518055,0.9496848376002163,0,0.7449682538863271,2.043639253365447
4.051789498812038,2.5010626818984747,1,0.7581025916151702,1.2305223190741927
2.2354344078267885,1.3019267446361482,0,0.43373951758258045,-1.7191557123371821
4.214959299071705,2.987976774573326,0,0.035020289244130254,1.781497952737953
4.299126035378165,2.417433639988303,0,0.8866442714352161,0.1265494949748067
-6.726604322338257,1.458726502256468,1,0.33975156117230654,-3.7293221111199437
4.3538471680883,1.61631600279361,1,0.5676598595455289,-0.22627370184640078
-5.734599462393752,1.02311972505413,0,0.03758644103072584,-3.5667727517503196
0.9125078496350482,0.15604681335389614,0,0.7556630766484886,-2.1069808814473245
3.4810055763845056,1.3761693395208567,1,0.8742113013286144,-1.238709354609328
4.920049796317976,1.4944697711616755,1,0.11790063534863293,-1.1738771530382786
1.9920303207013834,0.8482926758006215,1,0.24656462133862078,1.8539514638871784
5.375200512532227,2.329335247166455,1,0.25514400796964765,-0.13081169067500187
2.7515434485931083,0.9115582855883986,0,0.008231374202296138,-1.8742235175503281
5.578849341712859,1.5466535459272563,1,0.8620350223500282,-1.2677188675228312
3.421915367623188,1.4338523196056485,1,0.4110760297626257,-1.150448572030136
4.545204859687404,2.306556673720479,0,0.6945488601922989,0.37644208351866987
4.0318596512111515,0.4917865670286119,1,0.31906592892482877,1.0793119489258631
2.6886794104199985,1.3253224496729672,0,0.4459475486073643,-0.8417681393140233
5.082927060167262,1.5702230092138052,1,0.807558442465961,-0.6789331199541707
4.0495287189991265,1.4307575658895075,0,0.4566874101292342,1.0361607767265102
1.8987538956518897,1.5739298632834107,0,0.3391591825056821,-1.738775242026449
3.3081163163539835,2.0556847415864468,0,0.7748455530963838,-0.32134182830965197
4.233110212830996,1.0553760663606226,1,0.9759495905600488,-0.2852335732100819
4.455432164214162,2.5188938558567315,1,0.4114520619623363,-1.5304219356884083
4.5482736413661256,2.7657410746905953,1,0.677332675550133,-1.3196011426340295
2.290689132112746,0.3189288640860468,1,0.5298748139757663,-0.6148108808268838
2.6493913722263716,0.6195867543574423,1,0.1285549325402826,-1.7638549004120356
3.4114676939987683,1.4599287353921682,1,0.04988653678447008,-0.19069031749685256
0.9599060148803683,0.9714660714380443,1,0.037202493054792285,-2.55193874614821
2.8379613860192086,1.415141775039956,0,0.9619691970292479,0.7511699679296121
2.1523474799860014,1.7582655062433332,1,0.34707354311831295,-0.9384607451927112
4.432255107960693,0.6718500377610326,1,0.778152305399999,1.597866407238421
2.70857832140216,2.2020891602151096,0,0.22167757456190884,0.8525763985174302
4.484420320821261,0.4514522971585393,1,0.7973767588846385,-1.0242640263870113
2.4617244068050734,2.0926601006649435,1,0.3519548678305,-0.6950310739514648
2.718055755713432,0.7923237145878375,1,0.028360308846458793,1.2187854927739468
4.154689178537673,1.2793947667814791,0,0.6441852198913693,1.4709286360733982
2.9287355867260696,2.164000720018521,0,0.4916879702359438,0.9534171213466462
3.1314302432042047,1.423415121389553,0,0.26606426970101893,0.6565715335639054
-6.899899276863916,1.0157608827576041,0,0.3412940849084407,-3.562534950507239
2.24734223913311,0.7217764165252447,0,0.06887356750667095,0.23879284269079717
-2.3999636205873203,0.6487790336832404,0,0.08435103134252131,-2.8365907440330376
2.2041522629396804,0.7261743571143597,0,0.9473172915168107,0.1520687553077541
4.535175246286427,1.694714019075036,1,0.7665188224054873,-1.3216664844217014
4.484834036680984,2.1377042667008936,1,0.9589304358232766,-0.21101209211693897
0.7060565381964954,0.32428979384712875,0,0.891422909218818,-2.360171775173849
5.093667581336677,1.5572276206221431,0,0.9918130333535373,-0.3287183729254741
10.84877730398988,2.556571033783257,1,0.29005487891845405,3.0388815486351985
13.888251980198978,2.1438958263024688,1,0.7819187599234283,3.65033015634729
-20.37138843618076,0.9419450545683503,0,0.4093605540692806,-4.977279700307064
-4.072486660901467,0.3474514272529632,1,0.3767922401893884,-3.308644500779467
-1.0642903820116612,1.7250122025143355,0,0.9565020664595068,-2.8417105627438333
0.34564471319009377,2.4941157661378384,0,0.505602411692962,-2.55259313250368
17.569604549963863,1.5610192737076432,0,0.04949112143367529,4.158201598745107
4.700741271936569,2.082033085869625,0,0.13255007937550545,2.0310720413645766
3.517533742533619,1.4997119684703648,0,0.7716285432688892,-0.21922563235007725
6.2629533489024745,1.0624811961315572,1,0.8187723886221647,1.9630377620586252
22.87305271351162,2.8944124770350754,0,0.37675242172554135,4.522694413621245
3.063181775444082,2.766783762490377,0,0.043320432072505355,1.2741798476071227
14.1686422999031,0.6137781199067831,1,0.4540993741247803,3.5510730856939814
-0.15671170563510106,2.8647087982390076,0,0.09585967962630093,-2.295003094939606
3.260316460670211,2.621978497132659,0,0.2706082777585834,-2.158645187509091
7.749259283485513,2.092034494271502,1,0.9341252311132848,2.1358997175848535
4.636716664127556,1.5377813545055687,0,0.8636127091012895,1.78350638272852
3.648664014441058,1.4424495461862534,1,0.9991355901584029,1.740193019879416
3.2178845866727706,0.6054027692880481,1,0.1298358109779656,0.9715249297371208
3.0304130754897147,0.3006880630273372,0,0.545290163718164,-0.9421873856921029
6.647278293723282,1.417766623897478,0,0.8321282274555415,1.8992599876410916
14.906228961998314,0.936538944253698,1,0.9684087100904435,3.695455182584141
5.152697689596261,2.317197915399447,0,0.920206812908873,2.480814857741464
0.5689623513648476,2.703222003998235,1,0.15702653815969825,-2.7616284367024817
2.7814928128377905,1.0056878523901105,1,0.050331325037404895,0.9493537545829636
3.36739465148181,2.471832739189267,1,0.832368372939527,0.02469271597538973
4.0499854994276925,0.6600985794793814,0,0.12989149638451636,0.1741998745714534
3.9756006985586434,2.2983712151180953,0,0.38359935116022825,-0.3647363875266507
0.9199550651159132,1.6821235532406718,1,0.7229225065093488,-2.5313405316506334
4.553793735324231,1.2703666132874787,0,0.058149113319814205,0.6625678258814784
6.808994109176563,2.515709364786744,0,0.16945804399438202,2.7034572619732913
9.140933009629693,0.8619617626536638,1,0.38206996372900903,3.2731314725253773
4.33244065717677,1.4121621020603925,0,0.24461630498990417,0.9598644577053739
2.1032218487181753,2.342533600050956,0,0.4169456532690674,-1.472631822515715
3.2723436713964467,0.24815051187761128,1,0.3280324228107929,-1.1660332388272026
1.8390551296370092,1.1835526507347822,0,0.1280301702208817,-1.2228639639027719
2.4122025887061196,0.286984222009778,0,0.3652410802897066,1.2067000872217835
4.016698324488135,0.3999997079372406,0,0.5962333031930029,-0.471526678714622
42.38503460293987,0.6633785341400653,1,0.7591896259691566,5.808432183246773
2.966643821229004,0.8223586231470108,0,0.5391145814210176,-0.5365825586308337
4.002530961082621,0.8971777490805835,0,0.2732524226885289,0.29618569680608287
1.9216407959093846,1.1243603175971657,1,0.9359889274928719,-0.413589965670568
2.911075344338387,1.4743574776221067,1,0.5355982787441462,-1.2851202769030947
7.692338443036354,2.6358078704215586,1,0.8706707414239645,1.6951436477691362
3.529258439238141,2.24618948623538,0,0.7695891996845603,-1.0551442528013089
2.016121319334478,2.8655580694321543,0,0.6993049883749336,0.004741514216263412
2.9764796276549674,0.9957606391981244,0,0.061733939219266176,-0.5637604671025651
-32.39534994807844,2.4724883891176432,0,0.7648492318112403,-5.656949304774595
2.910631832438676,0.39799615019001067,0,0.24521273211576045,1.3018606326553963
2.4386501710295407,0.3740905614104122,0,0.11770619195885956,0.3155183422266672
3.8636204217915506,2.1843291353434324,1,0.8050485455896705,-1.7068740453307374
9.697559957108803,1.6452624856028706,1,0.982870647450909,2.7262001719481415
-0.7108653250759058,1.8255522383842617,0,0.35326527478173375,-2.525792342342312
-5.1896956188454455,0.3688401016406715,0,0.08648572862148285,-3.5558930914414755
0.6195490697092012,2.6293040968012065,0,0.00562102859839797,-1.3738392901511172
4.036106220514345,2.527046446921304,1,0.4396606225054711,-2.3686710445865153
4.754481498093944,0.13871344062499702,0,0.19549890817143023,1.5793546034552954
3.4969748612249187,2.1210549857933074,1,0.05802907235920429,0.1719275419005371
4.410264332293414,1.6043731654062867,1,0.7927574818022549,-0.7401228851588063
2.079940062398294,2.83637170214206,0,0.31247708084993064,0.018672734086154046
2.393581215081372,2.7360899371560663,1,0.3348393819760531,-1.9021191833456468
4.2925360453117625,1.367935549467802,0,0.985416634939611,0.36343542279560936
1.2893796678782983,2.2965614357963204,0,0.3428722347598523,0.3806796880657131
4.3709381053502625,1.5151337385177612,0,0.6942796029616147,-0.1434775387962386
4.58225753211989,0.6076454487629235,1,0.442051786929369,-0.005703420101189381
1.3084490335805126,2.1514161669183522,0,0.3638984472490847,-2.216437923824953
4.284469027740437,2.3042308932635933,0,0.764073190279305,1.8703835347471893
0.22040174975246973,2.1191311357542872,1,0.7757044539321214,-2.9716789034746567
20.816912820690014,0.5748724085278809,0,0.3116811343934387,4.4570837968530155
11.890871124941368,0.8936994031537324,0,0.2604263345710933,3.248270445075592
4.898666496464053,0.9753937991335988,1,0.6829480065498501,1.0395292505066698
2.4880421752212873,1.715628704521805,1,0.7246553245931864,-2.704057273523998
3.231038565308518,2.6474745764862746,0,0.7167296735569835,0.852247655257682
-1.4548870999940415,2.631310129305348,1,0.4375189321581274,-3.326375170413347
4.670789707346145,1.1575576113536954,1,0.15413482068106532,-0.5398872436619989
5.642921245599813,2.2133164645638317,1,0.10772562073543668,1.5815819195477554
6.19788925778737,2.38895809231326,0,0.47533228481188416,1.681217277545998
5.108797448760515,2.1724843822885305,0,0.9304295442998409,0.06593896970092883
4.952429144353724,1.1563157667405903,1,0.29518321389332414,-0.4763275076970912
4.859721627651603,0.8944568478036672,0,0.45348348608240485,0.5271045723016358
-3.5087947356195004,0.17241345718502998,0,0.6616442420054227,-3.183570348130423
5.029399222062041,2.0210788927506655,1,0.41555845830589533,-0.7524701376938697
14.158212470677883,0.5939757807645947,1,0.06574187194928527,3.6250542998207504
-6.23175724454821,1.875323697226122,1,0.1039219107478857,-3.4761993652357823
12.311341572672125,0.41454852162860334,1,0.9381185846868902,3.2582223014906107
3.097529653751361,1.1192355619277805,0,0.939172213897109,1.0562108829770147
2.832890581161336,0.9422694984823465,1,0.9108516592532396,-0.7208883731951088
20.96754340112353,2.445554699515924,0,0.14456116314977407,4.475233781223634
2.0371616128355976,1.104954290902242,1,0.199654555413872,-0.08039923494992496
14.419906011432953,1.3189323786646128,1,0.661923291394487,3.788250663127997
4.099047370584314,1.3171740823891014,0,0.2514689841773361,0.04960929987532797
4.1907202538398804,1.8054848571773618,0,0.8362802914343774,1.1068508062008906
4.163749226074456,1.2117208088748157,0,0.18181037018075585,-1.148701890884436
4.381382753679355,2.8749548429623246,1,0.9479400012642145,-1.8566740128790071
-9.61746406589045,2.912303891032934,1,0.44569694460369647,-4.000850882589633
2.3280247283995843,2.743584069656208,0,0.8627292928285897,-1.2441373925983295
4.207423383720422,0.24862112500704825,1,0.30817220150493085,1.4542911329704846
1.3117561688153199,1.4305788329802454,0,0.8812746664043516,-2.204366606490704
1.9578782963190586,1.017405797727406,0,0.5448414005804807,-2.318925541706712
4.6629929409867525,2.020307441940531,1,0.6372202173806727,-0.8778112795054391
2.882030841594493,1.9094578356016427,1,0.030381401302292943,0.31826841352710644
2.6669000002223098,2.5778343435376883,0,0.40929926838725805,-0.9892013710660392
8.855372737026677,2.844853274524212,1,0.5629869988188148,2.424735691162062
2.234782413256746,1.7219011976849288,0,0.14009976061061025,0.5852648518236556
2.0058175860802177,1.6058071665465832,0,0.5062083532102406,-0.072084922064725665
1.985431760217022,2.8250833286438137,0,0.5650981857907027,-2.2052322051323667
3.265474617836286,2.6770654565189034,1,0.05473238532431424,-1.8712805738981386
3.0690499567972647,1.230919016059488,0,0.7091884335968643,0.9216746536406075
3.5037856531532885,0.15009224228560925,0,0.6087156366556883,-0.6647269252212479
6.638002016167599,2.3348078839480877,1,0.15137412399053574,2.2123265376448864
-2.83217743697608,2.7778841690160334,1,0.5219119000248611,-3.26738720970226
4.2183223336475635,1.1324316237587482,0,0.7933124836999923,0.6703856011907448
2.484232069587741,0.7347629838623106,0,0.4088231346104294,-1.049314889980285
8.11814871259222,0.26290772552601993,1,0.3158619368914515,2.9267421506044102
4.362300012883347,1.1733254904393107,0,0.49472761852666736,0.8543560839731629
1.9135546679562998,0.5476842757780105,1,0.648930004099384,-2.050259640352696
-1.4005591740749537,0.4008743539452553,1,0.6498624684754759,-2.6161166426456104
3.25727882847963,0.7723887402098626,0,0.5023025840055197,0.45920377325726713
2.7192119929023373,1.6597411434631795,1,0.635600552894175,-0.6140425556238256
2.8350519044388722,0.44420782942324877,0,0.36282740300521255,-0.1676661990843696
2.688712185136242,2.888690472347662,0,0.3330114437267184,-0.33146368122212994
8.082166135792265,2.8335686365608126,1,0.04121797042898834,1.310025117327002
2.379411934866387,2.976857382338494,0,0.8749647231306881,-2.1496694563550602
70.86424348308786,2.118631711928174,0,0.5185650093480945,6.941819206931797
3.937487792315831,0.4223350672982633,1,0.4854290101211518,0.5881617847680349
2.354944661976063,0.026947872480377555,0,0.13104082504287362,-1.0727476926927817
1.7937086089909617,2.0594866157043725,1,0.4459891328588128,-0.28954699089140745
6.3067120422914416,2.043654575245455,1,0.21723658521659672,1.0842610556811052
3.71940492871914,2.752532647456974,0,0.8275730398017913,1.2683503863848171
-6.005329481684717,1.2252636426128447,0,0.8023108385968953,-3.5497121378098733
-10.902819445023429,1.2673181702848524,0,0.8394113220274448,-4.132271769373125
5.8408962056859774,1.6119602455291897,1,0.9611164054367691,-0.1798138189264235
5.5454510518990165,1.2409393892157823,1,0.24175456329248846,1.6736043561173743
5.2765272261736005,0.2929339755792171,1,0.8011236602906138,0.33248166618706454
5.736375898234309,1.1408029210288078,1,0.16082847025245428,2.0510511468922457
3.5797959374553625,0.5940017325337976,1,0.2929330097977072,0.8063769162658713
4.189077845310035,2.1750726790633053,1,0.24021284864284098,0.8231842397256001
9.632710316983356,0.033027122961357236,0,0.6007420788519084,3.3603736560448936
2.8407093800474112,2.756573280086741,1,0.11984222242608666,-2.1242151464701724
2.4877279191038064,2.7006862023845315,0,0.6176721004303545,-1.58247129935631
3.8795341465692696,2.26246159337461,1,0.03744014073163271,0.7770245483219702
4.704670751931121,2.8557654451578856,0,0.6257596535142511,0.5079969989007477
-11.907265153500651,1.8767612767405808,0,0.6219504985492676,-4.3743365851719505
6.186889754690087,1.9678515633568168,0,0.4843186486978084,1.0756008665669428
1.0455074605737293,1.144126852741465,1,0.44231187039986253,-2.5797728234136623
0.08613195043650969,0.19681690586730838,0,0.12612671591341496,-2.4510879403175316
11.074360253293959,2.0726425512693822,0,0.7397418504115194,3.4542271055515075
6.178841202736757,0.38245160202495754,0,0.7124324846081436,2.320715606580604
4.986864600753959,0.8739555557258427,1,0.4993380098603666,-1.4963231675032405
11.396040205203198,1.8966626725159585,1,0.2764776414260268,3.333344649860814
5.129693145547621,1.1700719932559878,0,0.6587899685837328,-1.0593948491426313
4.637630047593517,0.2112769796513021,0,0.11889764969237149,2.0572967012785313
8.990601531571768,2.5907187927514315,1,0.3099266951903701,2.7534359821298087
10.452263978044796,1.155570621136576,1,0.6208168223965913,2.662005916525294
7.361855335014431,2.0122804013080895,1,0.16850044252350926,2.509311898871701
1.98345409890393,0.06358890677802265,1,0.4423210909590125,-0.5746691076185353
2.846623609918514,1.7856862822081894,0,0.7817544681020081,-1.093471036318171
5.434390151258073,0.828723483486101,0,0.33675780589692295,2.507854942130009
4.4646443665746505,1.1973807150498033,1,0.7767074885778129,-0.1434458379180223
2.038853945240133,0.43744628853164613,0,0.11966217961162329,-1.3648732425285368
2.932639476262426,2.4722451854031533,1,0.04148458410054445,-2.049992916571339
8.469744367374911,0.4212296479381621,0,0.31790808076038957,2.6031556294330693
4.89411338588513,2.7271425453945994,1,0.809836691711098,1.5161216508133684
7.999703494433422,2.699774434324354,0,0.8252645826432854,2.9592286707523994
2.4011661162484854,0.5770477617625147,0,0.03808358567766845,-1.239124812829264
5.52857901352916,1.5968707913998514,1,0.81930664437823,0.5193744545124587
2.5887250557071817,1.5663742215838283,1,0.48177973460406065,-2.1730418499547395
3.5724298384585484,0.4810071929823607,1,0.22644970659166574,0.1724471263879499
3.9487291711137438,1.5587010530289263,0,0.3464685883373022,-1.6924048981052118
2.968321257890377,0.6735105277039111,0,0.14284842368215322,0.7778117287407766
5.719756799539538,0.8445359710603952,1,0.44905222300440073,-0.07527163069278243
7.160167185084811,1.5110627396497875,1,0.08168593607842922,2.8912032978516513
4.195650226927947,0.47688194643706083,0,0.8635126224253327,0.6344489642053699
4.339586542152253,2.7618922179099172,0,0.5407806157600135,-0.807960981638181
-3.4403864134105575,1.4970883789937943,1,0.10469984030351043,-3.4804746609504864
3.205733496435416,1.8460322313476354,1,0.8836150362621993,-0.9056425578402366
3.562749081354051,2.231792630860582,1,0.3953184357378632,-1.1721750131191908
4.537902671095391,1.8504546324256808,1,0.12453694827854633,2.2958380886327756
5.3038894714948475,2.7904231378342956,1,0.9946646557655185,0.9147265192893865
3.100975568541485,0.24113539815880358,0,0.9262017740402371,-1.1756127241171441
4.076077177392114,0.08436357323080301,0,0.06966290017589927,0.4558298813898934
5.105990140109765,1.6245854061562568,1,0.8744136956520379,0.2682954836924916
3.3883008722209924,0.7236077066045254,1,0.2654648097231984,0.6586555442285156
5.91173807620425,1.934512565843761,1,0.6243942179717124,-0.5950244272855882
6.568265484505851,1.1332103975582868,1,0.4836272115353495,2.3699759461290446
8.432495696113879,0.14056106004863977,0,0.5236480138264596,2.619070773250538
1.7524895440588928,0.14442149782553315,1,0.5792414124589413,-2.340910530230864
6.103542444282326,2.888528077164665,0,0.860735900234431,1.9922377326002274
3.8764071577678303,0.6794002514798194,1,0.2969110256526619,-1.4939940333801183
2.6872024330657442,0.03418070892803371,0,0.29032750451005995,0.4437353129311638
3.915785729261774,0.6554269145708531,1,0.3951071591582149,2.001890462364995
4.395429575686468,0.1678127059713006,1,0.30822502356022596,0.9882865171185876
2.5598514023989383,0.7049164404161274,0,0.860850369092077,-0.01688883506927242
3.1290761230841833,1.2080888100899756,1,0.42722187377512455,0.1922739710657495
21.45168289817775,0.0429133081343025,0,0.4282836786005646,4.501410478366412
8.715486816401198,1.085289505077526,0,0.4067420589271933,2.8732693827130027
5.085315406866682,1.7534992194268852,1,0.5993076015729457,0.020815499076974185
2.5926289883632956,1.8173812148161232,1,0.5727782442700118,-0.6415837830362555
14.278311975931263,0.7911558395717293,1,0.6441381967160851,3.6833497345240565
3.0772224163392474,2.025446031242609,1,0.8346977587789297,0.1798494504506831
6.013178753474991,2.807418647920713,0,0.6580085891764611,0.8055856362335829
6.197861141807272,0.010774219175800681,1,0.543529199436307,2.6187874093149843
6.187152072254698,2.3609135246369988,1,0.688818818423897,-1.2265084454508224
3.786880765541741,2.420799440704286,1,0.047430104576051235,-0.8709601698388637
4.053234924014388,0.21911515365354717,0,0.5217844070866704,-0.7642121685416013
3.8585524403275766,1.7009979109279811,1,0.8027280839160085,0.3426563522198633
-19.223629110823474,1.6175725380890071,0,0.23926337575539947,-4.833124926893789
4.668462260342948,0.413025465561077,1,0.9708813852630556,-0.8363428731724994
5.985105828363492,0.8289979468099773,1,0.4767664868850261,1.4143911298009928
2.9555245314001937,1.0555305203888565,1,0.006331014214083552,0.6236150706339595
2.8915861430767036,2.438415708951652,1,0.16766793350689113,0.7012803135647744
-3.436937823929531,0.5146240442991257,1,0.9248556511010975,-3.173730825251911
4.461156161102724,1.5634862780570984,1,0.5372044371906668,0.4330433081593868
3.9486209025171513,2.2938685272820294,0,0.6917076359968632,-0.2294996857587895
3.088684165570549,0.8662669421173632,0,0.36395721416920424,0.040676246458148733
5.599116231735909,1.310334948124364,1,0.7555890483781695,1.7855805238755669
8.000694364263355,2.0083522733766586,0,0.45290133683010936,2.8961682950892946
2.893712123993786,0.11077134660445154,1,0.2853761229198426,-0.5040617441100631
5.040823229342594,1.6819390472956002,0,0.13586419471539557,-1.1949425583351556
5.288560899277811,2.7971497115213424,1,0.8276570285670459,-0.4954816794990369
6.0069552435523725,1.3038674758281559,1,0.38855912955477834,1.5487318803032948
7.813432502033113,2.8086978506762534,1,0.7935190496500582,-0.23717441234016318
3.1634834007431465,2.9349078841041774,1,0.13791502127423882,-0.835162542201795
4.383302501668089,2.0302868660073727,1,0.5061484428588301,-0.10485270651547204
7.758486126329025,0.8948066860903054,1,0.3424941801931709,2.707900405667437
3.811631254218229,0.6247601837385446,0,0.8542710451874882,-1.841302854613886
3.802744261989421,0.956689286744222,1,0.7008709998335689,-0.6215427479939097
3.4715179422572087,2.5631249053403735,1,0.7587492617312819,-2.111605936363914
21.729314312256463,0.183179720537737,0,0.5949976530391723,4.477488511599391
3.9520076963433075,0.5461383168585598,1,0.47353929397650063,-0.9461242800664973
5.088830504627698,1.4515098030678928,1,0.815503824967891,1.812108170961736
7.003361023958469,1.0148507226258516,1,0.9203951233066618,0.07583386318828396
2.5378949119853553,2.440088094212115,0,0.6872137901373208,-0.3507245660475224
4.63310897939254,2.611297440016642,1,0.7128624052274972,-0.7232180505574751
3.1591940245630026,0.05748383654281497,1,0.544584876159206,-1.607243084169814
8.951382317351273,2.474244546610862,1,0.4193607035558671,2.6831527021507666
3.6660746995798275,1.203805485740304,1,0.8409362861420959,1.2518613087565622
2.915287073697485,2.016174864722416,0,0.06541119399480522,0.06226141598837082
0.3839985861403996,0.35601664683781564,0,0.8833138421177864,-2.189826698938851
4.4577792430716094,1.429273018380627,0,0.7245758820790797,-0.9728281311172897
3.5464683775509886,2.776019891258329,0,0.08084839675575495,1.9061873665282056
0.40045975188831595,1.7245180250611156,0,0.10046161618083715,-1.989026696185632
3.508772899490001,2.738254738971591,0,0.8138431250117719,-1.1437406450360832
3.767785465131922,2.265905772568658,1,0.12237790506333113,1.566346363140575
4.083240576523731,1.8929997724480927,0,0.7817033990286291,0.7627328421781531
2.300711617616799,2.383261951385066,0,0.20203178143128753,-1.2001163479143206
11.805519982279527,2.770639386959374,1,0.8268817961215973,3.305230240188251
-1.0281226400564225,0.493406429188326,1,0.021646432112902403,-2.3815338702831768
5.53415385285574,0.5786518331151456,1,0.18172713974490762,2.831354903805048
5.460340445927161,0.29292799648828804,0,0.4865302487742156,1.6283456343849638
-9.013725469021095,2.4873281861655414,0,0.9920003351289779,-4.195142096712896
5.701551104255449,2.4175918735563755,1,0.18374543776735663,0.6403301649753476
4.164464165311678,0.837809958960861,1,0.004739876836538315,1.6020502408481028
3.145064230443457,1.3470887371804565,1,0.1181560973636806,-1.583361308085555
3.8573335535877553,1.8776361218187958,0,0.5027379356324673,-0.02133252646793649
-3.8570720649985697,1.112764248624444,0,0.3269260546658188,-3.2470358798889545
2.843593625686626,1.1469568451866508,0,0.5470084294211119,-1.8151341037755981
4.54575254819823,2.74344262923114,0,0.7117925703059882,0.2735334448452776
5.005470198049671,1.170893264003098,1,0.4405017050448805,0.5423759130639472
4.701870200016099,0.2108812783844769,0,0.5370808597654104,-0.14732243041003992
2.608431495247625,2.122519832337275,0,0.7727317053359002,-1.54886065685608
4.394077396513276,2.0789904417470098,0,0.7244506045244634,1.187632271052378
7.330425264379163,0.2884418705943972,1,0.5493561401963234,2.655009119163369
1.6681791028535309,0.11070968862622976,1,0.2469570750836283,-1.2016716636343614
2.9119073777140696,1.2028203627560288,1,0.2182683718856424,0.11301371650203873
3.1353011391415646,0.0346116756554693,1,0.6415883817244321,-1.0621525791637543
4.18648040663018,1.7036730477120727,0,0.9207350702490658,-0.16179756875390036
6.585895016621265,2.8348497776314616,1,0.9375039332080632,0.3215111733427622
4.204233215145299,1.0299065317958593,0,0.3844126504845917,-0.20428112932726897
2.1934469522000857,0.733494839631021,1,0.1458973828703165,-0.7094999395721422
4.1631472571725405,1.6250309322495013,0,0.7292938253376633,-0.9424546941867367
2.7546083223515287,0.35311313392594457,1,0.4867408396676183,0.06808835472322336
4.702311161322876,1.1247253655456007,1,0.2525425625499338,-0.40144241471353165
2.615703631889364,0.9825333505868912,0,0.827795639866963,-1.0888972575385476
3.4104954548772084,2.8416172536090016,1,0.14459894481115043,0.7547245392910734
3.781387466406204,2.7317247369792312,0,0.5945473739411682,0.8074563211608919
3.610794804486358,2.2873341464437544,1,0.2723109289072454,0.3404738750860636
2.869511893258962,2.274224748602137,0,0.9406055766157806,-2.2021598424414477
3.698317474197691,2.99547250312753,1,0.145291977096349,0.8049393985821907
5.421088879338732,1.7412042142823339,1,0.9109434615820646,0.8516323544218924
4.972379517612831,0.6398525442928076,1,0.7030200657900423,-0.5662574377247667
3.396800424316531,0.40065569523721933,1,0.276620882563293,1.1072641442311122
7.93440582022552,2.3768469484057277,1,0.060320031363517046,2.5287124649541717
4.6417057234673305,2.9457175119314343,1,0.7060610102489591,0.6556049263892587
4.21710832403952,2.9461463775951415,1,0.1639161508064717,1.530212746618791
4.217553742346445,0.3763304252643138,0,0.1768031029496342,2.56514691762049
9.888421028369535,1.8548554319422692,0,0.5108572111930698,3.3177738676586865
4.843246143074016,2.574560412671417,1,0.3385498779825866,-0.9614596262698215
3.0087560467130836,0.41816260758787394,0,0.04312017164193094,-0.8156690291741738
3.2795927094989903,1.0997415643651038,1,0.843151141423732,-0.6578375834581637
5.6008185209840375,0.4713906815741211,1,0.3068187397439033,2.2021531757012336
1.380349950621377,1.3435195027850568,0,0.4814187423326075,1.163435921565435
6.324320476682025,1.4576237378641963,1,0.3802125167567283,1.9155584055147266
2.832086483142316,2.8506091211456805,0,0.6580192013643682,0.6028436086747179
5.1045102817171335,2.714261640328914,1,0.9108613564167172,-0.5769221271461702
0.6793779357629444,2.820494105340913,1,0.7981248423457146,-2.912303175787172
-5.3775559423660715,2.320479709887877,0,0.3983822523150593,-3.409303081324375
17.622472738928227,0.27663295716047287,0,0.13926374888978899,4.02244238259107
3.6072658160940643,0.04873028886504471,0,0.3003871734254062,0.007922664905536505
4.488075980748042,1.000528760952875,1,0.2798132065217942,1.1164438131376448
4.962702992188089,0.7255592769943178,1,0.25359553401358426,1.3889873712016139
10.732248135912961,2.3762121547479182,1,0.7822011136449873,2.89264247357663
4.624170169822932,1.489161113044247,0,0.6726422621868551,1.2669374867190488
5.824010113549959,1.541637270944193,0,0.4543857495300472,0.052740673920998335
3.4275440632737153,0.2172056359704584,0,0.37469227984547615,1.4857510323090957
4.901159492721704,1.0354172992520034,0,0.2732932863291353,0.6946067842546513
2.67642995433721,2.2689748238772154,1,0.29329683003015816,-1.2573098518186092
4.372317199420398,1.1553571368567646,0,0.4714049615431577,1.9169838525978526
2.929049104440268,0.02076311968266964,1,0.3898640344850719,0.3288827002875179
2.12662439022243,2.1553176906891167,0,0.024861557641997933,-0.06941180192606403
3.551418024008826,1.6709079968277365,1,0.8566146593075246,-1.8414876307488783
6.210775119982608,0.21024787961505353,0,0.1398206001613289,2.2961102992744182
3.547967952368862,1.0434495932422578,1,0.941539446124807,-0.7797602200592714
4.537785108919629,1.239016663748771,1,0.5600801450200379,-0.19852652655477615
4.360848424432484,0.9349655967671424,1,0.2600756932515651,-0.05593212473442969
4.2437477645711175,2.2127039046026766,1,0.03987602889537811,-0.11397776974124019
3.564014816952792,1.1650208516512066,1,0.508186420192942,1.1113180334968846
3.5680931291216953,1.8582728344481438,0,0.49649039609357715,1.8038476779870356
2.7684874805290534,1.8706238034646958,0,0.37289919261820614,1.0732461764680747
0.19855544008293713,2.4072369933128357,1,0.5702685059513897,-2.942372276529678
-16.627491165945393,1.962203811854124,0,0.9683725873474032,-4.818718816537141
2.403949772880735,2.0383593540173024,0,0.08179129636846483,-0.7300347555590765
5.801291901699553,1.2322644700761884,1,0.7226607161574066,-0.3625369692683316
2.7415613170152096,1.9897594274953008,0,0.7844078578054905,-0.29812588532162165
-1.8561785038710084,0.0813533328473568,0,0.03748672967776656,-2.785429387718811
3.846695503924112,2.4477868939284235,1,0.20126153714954853,-1.3587184887565535
-6.6169951759380154,0.22512833727523685,1,0.3321047555655241,-3.638235937227931
33.15086453783516,2.702895876718685,0,0.5669648055918515,5.277964436964292
4.107158083931118,0.21248170430772007,0,0.01093121524900198,1.093216556436489
4.418637429805219,0.573370150057599,1,0.0853019708301872,-0.012307877858815415
-6.578960275351366,2.330787744373083,0,0.4629655904136598,-3.7802789357165905
1.9140144715460592,0.6094005110207945,0,0.44991374015808105,-0.5335667423303486
4.657790520498466,1.2112935315817595,1,0.7592725409194827,1.6408620203946354
4.268736864483774,1.3385418844409287,0,0.8681013153400272,1.5563870800992088
4.938064824695837,1.8188864062540233,1,0.18552998499944806,0.9081840470451263
6.678960134242074,1.7293372282292694,0,0.7591814196202904,2.820104346103357
-6.993133505768152,0.1785202994942665,1,0.09983246144838631,-3.6221282101929635
2.0164324203444326,0.5479952548630536,1,0.2210902685765177,-2.204903482173979
5.2948191451409805,0.8883649853523821,1,0.8954028785228729,-0.03833574263376321
4.664227812244925,1.128237258642912,1,0.8037795620039105,0.29860743936008804
5.680035776042105,2.139287825440988,1,0.1673650862649083,-1.0648637405298707
4.508311863151615,0.37544575799256563,1,0.9848147162701935,2.395692252407106
-8.943629073856513,1.2877003052271903,1,0.8180037953425199,-4.085191537789397
1.7055961989843396,0.09113111556507647,0,0.44332066271454096,-2.028621729626561
9.184885225536455,1.3625060082413256,0,0.584755172021687,3.2078364427663693
4.463395959075111,2.382924381410703,0,0.8865023907274008,1.7847000683140521
-1.542070681374257,1.4138294889125973,0,0.8108473436441272,-3.0354111232759298
5.850341614143445,0.7091688320506364,0,0.742774649290368,1.6470565523042873
5.503034290970448,2.6611050500068814,1,0.8419597803149372,0.7311244960169975
0.47589772546056164,0.3778583554085344,1,0.40660469490103424,-2.6618433366197833
3.422298900596492,0.8079341968987137,1,0.872838202631101,0.7191523089353998
5.924584236497076,2.647374441381544,1,0.906216467032209,1.7859892199773857
3.401624645929603,2.2515594656579196,1,0.8917773857247084,-1.9901979917986277
3.522471363057034,0.2930788246449083,1,0.008304643211886287,1.0393438451715808
1.1261389629078162,2.4467010477092117,0,0.6161564071662724,-2.471466896566581
4.794585518253059,2.5751790865324438,1,0.45471933437511325,1.0594537486441467
2.990625444623105,0.3514718993101269,1,0.5681872933637351,-1.9660834419118716
4.078839124587521,0.41219148715026677,0,0.8993953114841133,-0.7514909685084983
0.005061155658286465,1.6447709924541414,0,0.16969043505378067,-2.0834707689997893
4.669280754391438,0.1770889505278319,0,0.7668773191981018,1.3953347148603388
1.3999857490095906,1.486569873522967,0,0.11306097288616002,-0.2888976068387213
3.3396171533674277,0.022252569207921624,1,0.7661619824357331,0.9970867942785876
