y,X1,X2,X3,X4,X5,X6,X7,X8,X9,X10
One,-1.047,-0.906,-1.586,1.66,0.8,-1.121,2.212,0.401,-0.657,-2.42
Zero,-0.687,-0.809,1.731,-0.042,0.549,-0.892,0.075,-0.624,2.2,-0.81
Zero,2.362,0.253,0.59,-0.054,-0.502,0.859,0.307,-0.973,0.523,0.072
Zero,0.926,0.212,0.774,1.3,1.499,-0.573,-0.471,0.329,-0.739,-1.711
Zero,0.414,0.624,0.032,1.485,0.147,0.887,-0.394,0.523,0.949,0.643
One,-0.874,-1.156,-2.768,0.13,-0.14,1.292,-1.231,-0.023,1.032,0.601
Zero,0.2,-0.859,0.546,1.773,-1.156,-0.463,0.422,0.809,-0.136,0.234
One,-0.645,0.489,0.673,0.071,-1.07,-0.24,0.57,1.111,3.337,-1.009
One,1.523,0.546,-0.727,0.308,0.504,1.934,0.154,-2.297,0.388,0.568
One,-0.514,-0.039,0.189,-1.432,-1.109,1.456,-0.423,0.953,0.057,-1.565
Zero,-0.324,0.044,1.648,-0.378,0.623,-0.514,-0.917,-0.547,-0.892,1.751
Zero,-0.083,0.24,0.554,-0.138,-0.724,-0.734,-0.26,0.229,2.223,-0.751
One,-0.474,-0.255,-0.13,-1.055,0.392,-1.102,-0.407,-0.185,0.991,0.341
One,0.967,1.44,1.082,0.357,-1.521,-0.679,-1.482,-0.185,0.212,0.182
One,0.812,-0.405,-0.407,-1.354,0.699,-1.386,-1.4,-0.586,1.049,0.083
Zero,-1.248,-1.198,-1.217,-0.013,-0.404,-0.425,-0.357,0.731,-1.164,-0.245
Zero,0.414,0.346,-0.557,0.915,0.165,-1.264,-0.919,-0.958,1.081,0.781
One,1.014,0.694,0.943,1.534,-0.231,0.447,-2.471,1.555,-0.03,0.289
One,-0.423,-0.466,-1.849,-0.985,-0.482,-1.545,1.145,0.422,-0.248,0.437
Zero,0.341,0.491,-0.452,0.065,-0.542,-0.071,-0.029,0.315,-0.648,0.752
Zero,-0.719,0.791,1.051,0.619,-0.2,0.258,0.07,-0.732,-2.505,-0.286
Zero,1.8,0.945,-1.541,0.127,-0.175,-1.009,0.527,0.505,1.266,-1.9
Zero,-0.473,0.525,0.827,1.029,1.517,1.754,0.959,-0.153,-0.549,0.272
One,0.331,0.648,0.37,-1.128,-0.28,0.325,-1.765,0.3,-0.75,-0.482
Zero,-1.011,1.613,0.838,-0.596,-1.126,0.945,0.284,-0.581,0.671,-0.348
One,0.895,0.59,0.713,-0.027,0.866,2.299,-0.224,-0.471,0.298,-1.087
One,-0.5,1.41,0.255,-0.113,0.405,-2.09,0.682,0.11,-0.504,-0.565
One,-0.177,0.977,1.311,0.681,0.544,2.011,-0.396,0.579,-0.996,1.258
Zero,-1.016,-1.008,-0.01,-0.663,1.507,0.112,0.481,0.43,-1.773,-1.447
One,0.952,1.256,-0.502,-0.242,0.663,-0.708,-1.268,-1.132,1.445,-0.918
One,1.48,0.929,-1.562,0.085,0.235,1.89,-1.185,-1.154,0.365,0.303
One,1.101,-1.851,-0.865,-0.121,-0.371,0.773,-2.36,0.923,-1.179,1.239
Zero,-0.673,0.106,-0.328,-0.935,0.208,0.575,-0.612,0.892,1.022,1.227
Zero,0.948,-0.127,1.174,0.121,0.543,0.724,1.359,-0.31,-0.47,-1.391
Zero,1.15,1.272,1.474,0.657,-0.035,1.434,-0.175,-0.113,1.361,-0.898
Zero,0.224,0.519,0.77,1.217,-0.701,0.269,0.411,-0.459,-0.444,0.757
Zero,-0.504,0.857,-0.28,-1.718,0.132,0.553,-0.323,0.717,1.791,0.421
Zero,1.6,0.436,0.065,-1.848,-0.089,0.715,0.797,-0.702,-0.34,1.276
One,0.561,-0.325,-1.214,0.487,1.323,-2.311,1.422,0.384,0.483,0.398
Zero,-0.242,-0.755,-1.168,-0.406,-1.009,0.107,-0.353,1.181,0.697,0.377
Zero,0.453,1.143,0.596,-0.001,1.86,-1.257,-0.585,-0.404,0.651,0.138
One,1.896,1.899,-1.123,1.145,-0.076,2.402,-0.602,0.118,-0.344,-1.859
One,0.452,-0.934,0.305,-0.785,-1.938,-0.172,1.941,-0.941,-0.999,1.257
Zero,-0.191,-1.854,-0.007,2.011,0.394,0.89,-1.607,-0.031,-0.133,-0.873
Zero,0.377,-0.93,-1.316,0.132,0.132,0.675,0.291,-1.503,1.379,1.783
Zero,-0.588,1.64,0.365,0.514,0.949,0.949,0.4,0.89,1.274,0.181
One,-0.71,-0.386,1.216,0.076,1.674,0.463,1.801,-1.934,-0.607,-0.41
Zero,0.88,1.185,0.578,-0.357,-0.042,0.448,1.293,0.363,0.286,-0.452
One,-1.18,0.601,-2.15,-0.538,0.041,-0.104,-0.657,0.668,1.538,0.522
Zero,1.349,-1.13,0.446,0.42,-0.086,0.051,0.432,-0.425,0.46,0.084
One,-0.787,1.972,2.618,-0.427,-0.65,2.705,-1.226,1.566,1.108,-0.393
Zero,0.431,-1.12,-0.056,-1.304,-0.775,1.165,0.175,-0.541,0.55,0.182
Zero,0.299,0.109,-0.088,1.45,2.05,-0.241,0.157,0.089,0.809,0.29
One,0.404,-1.15,0.221,2.311,-0.957,1.289,-1.0,-0.914,-0.312,0.267
One,1.642,-0.925,1.412,-0.087,0.564,2.458,-1.133,0.92,0.821,-2.194
One,-0.127,-0.193,-0.864,0.883,0.494,-2.33,-1.288,-0.502,0.37,-1.881
Zero,1.873,-0.491,1.179,-0.264,-0.132,0.718,0.75,-0.476,1.152,-1.562
One,0.704,0.012,-0.431,1.673,0.38,-0.436,0.903,2.005,1.982,0.729
One,0.908,1.647,-0.362,0.552,-0.802,-1.675,0.331,0.323,-1.233,-0.272
Zero,0.355,1.051,-0.2,0.894,1.265,-0.369,0.249,-0.468,-0.839,-0.621
Zero,1.571,-0.264,0.708,-0.958,1.241,0.445,1.384,-0.423,0.613,0.156
Zero,0.066,1.51,-1.127,0.314,-1.244,0.972,0.164,-0.674,0.0,1.155
One,-0.898,0.512,0.329,-0.472,-0.067,0.868,0.633,0.293,-0.521,0.691
One,-0.924,-1.27,0.184,-0.624,-0.07,0.321,2.616,-0.307,-0.663,-0.657
Zero,0.645,-0.287,-0.931,0.732,-1.042,1.057,0.314,-0.115,-1.469,1.041
One,-0.807,1.937,-0.518,0.996,0.232,-0.585,1.949,-0.623,-1.03,-0.643
Zero,-0.621,-1.435,-1.696,1.503,-0.573,0.203,0.298,-0.446,0.454,0.779
One,0.728,-0.857,0.094,-0.609,-1.071,1.587,-1.647,0.739,0.121,1.661
One,-0.137,0.99,1.548,-0.405,-1.266,1.387,-0.547,0.203,1.87,-0.11
Zero,0.612,0.776,0.386,-0.238,0.034,-0.887,0.258,0.344,0.306,-0.168
One,-0.204,0.953,-0.255,-1.485,-0.032,1.17,2.312,1.057,-0.146,-1.196
Zero,0.249,-0.335,0.984,0.485,-0.465,1.947,-0.3,-0.207,-0.394,-0.886
One,0.116,0.828,0.071,2.649,-0.164,-1.902,1.232,-0.42,0.089,0.648
Zero,-2.62,-0.289,0.018,1.995,0.094,-0.787,-0.941,-0.57,-0.024,1.317
One,0.937,0.217,0.362,1.272,0.647,0.647,-0.398,0.545,-0.348,-1.605
One,-0.199,-0.338,-0.27,-0.711,-0.938,-1.01,2.026,0.072,-0.624,-1.916
Zero,-1.248,-1.505,1.751,0.779,0.417,0.259,-0.028,-0.766,0.554,-1.485
Zero,1.39,-0.597,2.18,-0.491,0.084,1.369,0.801,0.36,0.602,-0.626
One,-1.397,0.129,2.215,-0.937,-0.779,1.253,-1.466,1.159,1.515,-0.528
One,-0.933,-0.2,1.304,0.424,0.215,-0.679,1.528,0.632,0.477,0.401
Zero,1.174,0.616,1.455,1.731,0.4,0.702,-0.007,1.403,0.537,0.305
One,-0.294,0.115,-1.394,-1.763,0.401,1.589,0.196,-1.45,0.259,-0.94
One,0.939,-0.076,1.536,-1.88,0.874,1.937,0.764,0.189,0.395,0.151
One,-1.67,-2.127,-0.309,-0.92,1.499,-1.959,0.128,0.905,2.302,-1.944
Zero,0.555,1.346,0.706,-0.542,0.403,0.25,0.152,0.084,1.411,-0.829
One,-0.618,-0.478,0.212,0.367,-1.407,-0.308,-0.947,-1.583,-0.342,-2.045
Zero,0.449,-0.491,1.456,-0.254,-1.316,0.912,0.484,1.028,0.24,0.168
One,-0.344,0.58,1.127,-0.309,0.009,0.133,2.228,-0.984,0.047,0.503
Zero,0.009,-0.535,-0.393,-0.332,0.321,-0.106,-1.143,0.974,-0.126,0.329
Zero,0.439,1.203,-0.006,0.518,2.163,-1.219,0.791,1.36,0.237,-1.294
One,-1.294,-1.378,0.553,-0.119,-1.274,-0.94,-1.804,1.532,-0.033,-1.212
Zero,-0.022,0.144,0.356,0.419,-2.152,0.004,0.637,0.655,0.363,0.265
Zero,-1.068,0.117,0.953,0.897,0.981,0.647,0.482,-1.145,-0.091,-2.258
One,-0.434,-0.711,0.46,-1.121,-1.18,0.189,0.031,1.483,-1.164,0.703
Zero,0.112,-0.418,-0.442,-0.106,0.06,-0.485,-1.055,-0.14,-0.746,-1.135
One,-1.384,0.677,0.152,-0.635,-1.804,1.928,-1.18,-1.69,-2.271,0.079
One,-1.35,-0.256,0.561,-0.529,0.68,-0.205,-2.269,1.216,-0.654,0.229
Zero,1.545,-1.04,1.118,-0.745,-1.543,0.102,-0.681,-0.06,-0.946,0.745
One,0.641,-0.597,0.444,-1.47,0.186,1.393,1.14,-0.062,0.833,0.418
Zero,-1.216,0.223,1.069,1.057,-1.48,-0.118,0.075,-1.02,0.498,-0.014
One,-0.58,0.451,0.961,-1.539,1.792,0.266,-0.897,0.257,-0.2,0.894
Zero,-0.568,1.271,0.784,0.568,0.428,-0.338,0.65,-0.03,0.687,0.079
One,-0.964,-0.625,-0.792,1.783,1.265,0.003,-1.037,-0.085,-0.358,-0.076
Zero,-1.379,-1.008,-0.385,-0.725,0.074,0.741,-0.397,0.779,-0.532,1.457
Zero,0.349,0.268,1.183,-1.248,0.05,-0.391,-0.419,-0.269,-2.445,-0.723
Zero,0.171,-0.202,-0.047,-1.847,-1.051,-0.369,-0.736,-0.326,-0.392,0.514
One,-0.653,0.876,-0.535,-0.143,2.161,-0.513,0.805,-0.16,-0.029,0.223
One,0.41,-1.673,-2.23,-0.607,-0.604,0.791,1.845,1.233,0.537,-0.951
One,-0.244,-0.683,-0.984,0.055,-1.329,1.158,-0.488,1.411,0.868,-0.101
One,0.253,-0.779,-0.108,0.257,0.532,1.508,-0.293,-1.248,-0.594,0.945
One,0.588,-1.388,0.618,-0.183,0.922,0.561,0.356,-1.496,-0.635,1.735
One,-0.302,-1.225,0.736,-1.654,-1.01,-0.659,-0.748,0.061,0.318,0.972
Zero,-0.691,-1.513,0.454,-0.79,0.633,-0.448,0.535,-1.032,-0.557,-0.073
One,0.501,0.105,-0.061,-1.564,0.29,-0.619,-0.117,-0.932,0.355,0.756
One,0.815,0.939,0.736,-1.228,-0.095,2.166,3.491,-0.213,2.026,-1.296
One,-0.852,-0.44,-1.49,0.088,-0.865,-0.553,-1.489,-2.309,1.84,-1.685
One,0.483,0.79,-0.776,-0.308,1.423,0.569,-0.761,-1.292,-0.427,-0.745
Zero,-0.347,-1.321,-0.017,-0.332,-0.667,0.146,1.085,-0.098,0.96,-0.623
One,-0.736,0.872,-0.675,-0.706,0.099,0.298,-1.01,1.411,0.48,1.112
Zero,-0.171,1.867,0.545,-0.19,0.843,1.075,0.287,-1.461,0.283,1.818
Zero,-0.175,-1.41,0.174,0.316,1.207,0.078,0.042,-1.06,0.083,-0.959
Zero,0.934,-0.447,-1.056,0.66,-0.195,1.572,0.266,0.32,-0.736,0.2
One,0.07,-0.734,1.157,-0.167,-0.58,0.674,0.786,1.37,0.203,0.093
One,0.853,-1.652,0.191,-0.305,0.995,0.944,0.578,1.095,0.347,0.259
One,0.548,1.779,0.882,-0.497,2.324,0.608,-0.338,2.533,0.671,0.573
Zero,0.396,0.453,0.407,-0.443,1.056,-1.17,-0.4,-0.39,0.159,-1.313
One,1.615,0.659,0.364,-0.198,-0.54,-0.127,0.466,-0.375,0.118,-1.645
One,-0.022,-0.873,0.16,1.857,0.604,0.168,1.745,1.383,-1.35,0.073
Zero,-0.025,-0.43,1.563,-0.403,-1.187,-0.066,0.304,0.006,-0.272,-0.237
Zero,-0.25,0.261,-1.612,-0.446,-0.739,0.46,0.015,0.028,-1.472,2.054
One,-0.329,0.245,0.522,0.315,1.058,-0.737,0.62,1.779,0.818,-1.269
Zero,0.12,-0.611,1.274,-0.19,-1.5,-0.711,-1.608,-0.04,-1.69,-3.025
One,0.136,0.364,-0.126,-1.273,-1.106,0.034,1.834,2.123,-0.794,0.472
One,-0.462,0.451,1.25,-1.01,0.024,0.052,1.037,-1.114,-0.498,-1.081
Zero,-0.023,1.673,-1.51,-1.022,-1.256,0.932,0.114,-1.285,0.78,1.874
One,-0.064,-1.345,1.583,1.599,-0.098,-0.643,1.969,-0.598,-1.097,0.965
Zero,1.765,-1.786,-0.743,1.146,-0.96,0.698,-1.123,-0.64,-2.225,-0.887
Zero,-1.138,-1.225,-1.126,-0.265,-0.139,-1.792,0.015,-0.617,0.94,1.125
One,0.694,-1.223,-0.738,-0.873,-0.434,0.216,1.559,1.711,-1.694,-0.802
One,-0.887,0.772,-0.387,0.206,-1.59,0.185,-0.718,2.181,-1.866,1.671
One,0.481,0.706,0.223,-1.413,0.334,0.503,0.727,-1.719,-0.155,-0.019
One,2.516,0.88,0.451,-0.439,-0.007,-0.086,0.257,1.878,-0.65,-0.772
One,1.416,0.764,0.049,1.387,-0.422,0.117,2.321,-1.787,0.857,0.639
One,-0.457,0.958,-0.404,1.411,-0.401,2.176,0.161,1.017,0.499,-0.417
Zero,-0.247,-0.453,-0.735,1.14,0.981,1.092,1.057,0.02,0.772,-0.313
Zero,-0.639,0.325,0.777,-0.683,0.718,0.565,-1.429,-0.499,-0.428,0.095
One,-0.334,0.202,2.424,0.107,0.844,0.351,1.064,0.045,-0.017,-0.585
Zero,-0.691,0.022,-0.793,-1.174,0.524,-0.197,-0.484,2.195,2.256,0.43
One,0.569,-0.814,-0.429,-0.534,-0.159,-2.003,-0.963,-0.8,-0.394,0.942
Zero,0.72,1.015,0.62,-0.521,-1.771,0.946,0.4,-0.468,-0.705,-0.971
One,1.474,0.823,-0.907,-0.167,-0.888,-1.607,-0.359,-0.745,-1.158,0.686
One,-0.315,0.093,0.76,0.171,0.982,0.896,-1.41,-1.795,0.612,0.114
Zero,-0.905,0.114,-0.645,0.823,0.14,-0.047,0.183,1.729,0.215,0.075
One,0.737,1.194,0.422,0.522,-0.113,1.123,-0.175,-0.611,-0.041,-0.125
Zero,0.593,-2.19,0.968,-0.875,1.423,1.284,0.556,-1.292,1.162,-0.395
Zero,0.073,-1.103,0.315,0.743,0.844,0.482,-0.009,0.277,-0.894,-0.508
Zero,2.206,0.13,1.253,-0.661,2.606,-0.304,0.525,-0.34,0.495,-0.246
One,-0.915,-0.76,-0.899,-0.573,1.376,0.487,-0.829,-1.894,-1.452,0.924
Zero,-0.252,0.173,-1.125,0.22,2.028,-0.4,-0.329,1.062,0.293,0.065
Zero,0.406,-1.538,-0.179,1.055,-0.929,0.975,0.714,1.081,0.659,-0.037
Zero,-1.487,-1.401,-1.73,-0.314,0.109,-1.053,1.332,-0.502,-0.643,-0.098
Zero,2.089,-1.26,0.229,-0.06,0.314,0.009,-1.46,-0.292,-0.491,-0.806
Zero,-1.249,-0.433,-0.884,0.836,0.578,0.455,-0.215,-1.085,-1.719,-0.28
Zero,0.41,-0.864,-0.606,-0.342,0.363,1.237,-0.07,-0.069,-1.016,1.555
Zero,-0.958,-0.521,-0.347,0.391,0.291,-0.425,-0.406,-0.444,-0.035,-1.329
Zero,1.222,0.376,-1.053,-0.434,-2.009,1.399,-0.399,0.282,0.97,0.717
Zero,2.17,-0.671,-0.737,0.894,2.018,-1.108,0.279,-0.377,-1.268,-0.264
Zero,-0.664,0.064,0.552,0.073,0.038,-0.923,0.063,-0.274,-1.289,0.517
Zero,1.005,-0.554,1.029,0.257,0.301,-0.767,-0.827,0.357,-0.94,-1.984
One,1.325,-1.461,2.387,-0.509,-0.45,-0.244,-1.452,-0.095,-1.61,-0.392
Zero,-0.226,2.026,-0.8,-0.811,1.374,0.649,-0.16,-1.192,0.631,-0.329
One,0.258,0.97,1.23,0.705,-1.889,-2.043,0.219,0.768,-1.152,0.361
One,-0.443,-1.395,1.487,-0.365,0.85,-1.901,-0.597,-1.188,0.038,-0.118
One,-0.89,-1.782,0.109,-0.963,1.366,0.88,2.011,1.51,1.22,1.071
One,-2.358,-0.851,0.232,0.603,1.033,1.302,-0.461,-1.272,-0.398,0.686
Zero,-2.155,-0.308,-0.625,1.567,0.286,-1.091,0.409,0.997,-2.519,-1.695
Zero,-1.38,0.577,-0.658,-0.645,1.458,0.225,0.518,0.962,1.508,-1.439
One,0.13,-1.041,1.826,-0.763,-1.725,2.298,0.046,0.297,1.243,-1.845
One,1.04,-0.323,-0.469,-1.824,0.626,-1.869,-0.1,-0.707,-1.254,0.039
One,-0.742,-0.207,-0.84,-0.851,0.658,-0.098,1.169,-1.609,-0.293,0.528
Zero,1.713,0.301,-0.389,0.178,-0.644,-0.233,-0.225,0.94,0.531,1.0
Zero,0.211,-0.326,-1.701,-0.877,0.241,0.128,0.675,0.3,0.581,0.602
Zero,0.904,1.27,-0.576,0.245,0.848,-1.189,0.633,0.535,0.303,-0.044
Zero,0.005,0.268,-1.433,-1.003,-0.456,-0.335,0.196,-0.728,-0.193,-2.216
Zero,-0.388,0.827,1.566,-1.894,-0.23,1.03,-1.443,0.552,-1.448,0.3
One,0.997,0.529,0.14,0.732,0.582,-1.328,-0.982,-0.785,0.305,-2.459
One,-0.172,0.649,-0.507,0.246,-0.257,-1.091,0.527,-1.584,-1.636,2.252
One,-0.265,1.18,0.125,0.872,1.6,-1.606,-0.409,1.007,-1.433,-0.065
Zero,-1.378,-1.463,1.342,-0.415,0.756,-0.094,0.813,-0.605,0.601,-0.085
One,1.546,-0.384,-0.138,-0.28,-1.058,-2.843,2.24,0.996,0.002,0.658
Zero,0.126,0.024,-0.322,-0.956,-0.586,0.897,-0.866,0.415,-0.611,1.674
One,-0.561,-1.852,-0.441,-1.701,1.043,0.064,0.95,0.863,-0.393,-0.658
One,-0.994,1.406,-0.103,-0.35,0.121,-0.129,-2.281,0.86,0.461,-0.549
Zero,0.034,-0.144,0.464,0.781,-0.882,-1.266,-0.68,0.076,0.208,0.115
One,0.068,-1.469,-1.137,-0.797,2.096,1.101,0.963,-0.752,0.92,0.552
Zero,0.028,0.491,-0.071,-0.333,1.671,0.403,-1.244,0.5,-0.794,-2.092
One,0.697,0.938,0.981,0.22,1.428,0.048,2.123,-0.069,0.055,0.069
Zero,-0.495,-0.183,0.149,-0.564,-1.459,0.406,-0.091,0.536,-0.006,-0.701
One,-0.205,-0.136,0.192,-0.129,-1.164,-1.756,2.271,-1.464,-1.467,-1.854
Zero,0.363,2.42,-2.131,0.197,-2.115,-0.944,0.341,-0.239,-0.332,-0.547
Zero,-0.733,1.542,1.478,-1.408,0.477,-0.648,-0.072,0.125,-0.825,1.077
Zero,-0.329,-0.407,1.218,-1.047,1.304,-0.122,-0.845,0.018,-0.508,1.437
Zero,1.773,0.699,-1.266,0.074,-0.002,0.098,0.422,1.142,-1.083,0.59
Zero,-0.404,1.735,0.195,0.481,-0.916,0.444,0.952,-0.051,0.897,-1.834
Zero,0.082,-0.856,-0.223,0.736,0.107,0.066,0.996,-0.796,0.39,-1.601
One,-0.074,-0.005,0.393,-0.158,0.43,0.166,-1.335,-1.257,-0.089,-0.336
One,-1.19,-0.43,-0.797,-0.721,1.3,1.631,-0.315,0.658,0.297,-0.618
Zero,0.081,0.797,-0.926,-0.839,-0.154,-1.59,0.118,1.155,0.836,0.078
Zero,0.068,1.001,2.511,-0.787,-0.931,-0.537,-0.559,-0.488,-0.214,0.076
One,-0.246,1.164,0.151,-0.294,0.556,-0.942,-0.142,-0.832,0.35,1.364
Zero,0.022,0.353,1.796,-0.388,0.6,1.616,-0.045,-0.556,1.017,-0.716
One,0.622,0.817,-1.093,0.229,-0.512,-1.436,-0.876,-0.747,-0.756,0.035
One,0.951,-0.97,-0.858,-1.479,-0.217,-2.302,-0.835,0.154,-1.642,0.793
One,-1.521,-0.936,-0.394,1.394,0.098,0.74,-0.508,1.884,0.658,-0.272
Zero,1.815,0.826,-0.11,-0.034,-0.962,0.479,-0.161,0.077,0.244,0.333
One,-0.906,-0.23,1.591,-1.567,-0.109,0.69,0.362,0.359,-1.299,1.209
Zero,-1.495,-1.336,1.33,0.467,1.278,0.031,0.99,-0.878,-0.636,-1.42
Zero,0.115,-1.743,0.797,-0.846,0.652,-0.085,0.178,0.87,2.027,-0.937
One,0.202,-0.951,0.716,0.866,-0.11,-0.67,-1.408,-0.064,0.356,-0.828
Zero,0.626,-0.227,0.251,-1.574,0.042,-0.482,-1.199,0.123,-1.96,0.322
Zero,0.508,-2.565,-0.785,-0.514,-0.11,-0.384,0.865,0.083,-0.432,0.819
Zero,-0.528,-0.615,-0.182,2.054,-0.902,0.377,0.545,0.249,-0.642,0.207
Zero,-0.942,-1.144,0.299,1.166,-0.829,0.134,0.49,0.457,0.977,0.511
One,-0.526,0.121,-0.263,-0.598,0.873,0.765,0.774,1.189,0.796,0.322
One,0.46,0.187,1.24,-0.45,2.165,0.709,-0.942,1.287,-0.26,0.097
Zero,-1.674,-0.621,-0.178,-0.183,-0.326,0.354,-0.123,-0.639,-0.55,0.723
One,-0.366,-0.341,-0.189,1.299,-1.869,-0.216,-1.211,-0.435,-0.551,-1.03
Zero,0.458,0.382,-0.53,1.416,0.172,0.84,-0.313,0.049,0.103,0.869
Zero,-0.036,-0.243,-1.641,1.625,-1.005,-0.18,0.455,0.464,-0.667,1.182
One,-0.447,-0.283,-1.318,1.524,2.078,-0.72,2.092,0.133,1.396,-0.876
Zero,-0.041,0.99,-1.323,-1.178,-0.944,0.619,1.418,-0.195,1.317,0.817
Zero,0.547,-0.351,0.946,0.31,-0.341,-0.353,0.496,0.029,-0.022,0.958
Zero,-1.43,1.117,-0.686,-0.051,0.172,1.424,-0.928,-0.175,-1.137,-0.787
One,-0.128,0.324,-0.131,-1.184,0.524,-2.843,0.269,0.919,0.462,-0.274
One,1.192,2.388,1.244,-1.083,-1.99,0.401,1.151,-1.172,-0.119,-0.361
Zero,0.572,-0.087,-0.576,-0.824,-0.473,-0.695,-0.597,1.537,0.712,-0.925
One,-1.11,0.894,-0.433,-1.295,-0.348,-0.239,-1.796,-1.014,-1.72,-1.507
One,-1.014,-0.77,1.235,0.257,-0.204,-1.154,1.581,0.262,-0.832,0.972
One,1.086,-1.615,2.596,-1.502,0.638,-0.062,0.094,-2.172,-1.359,-1.105
Zero,0.961,0.464,1.265,-1.401,-0.082,1.322,0.429,1.41,0.427,1.417
One,-0.243,0.227,0.791,0.129,0.095,1.763,-1.158,0.036,0.369,0.863
Zero,-0.547,1.043,0.431,-0.314,1.065,-0.021,-0.292,-0.92,1.223,-0.009
Zero,1.817,-0.809,-0.091,0.411,0.84,0.48,-0.686,0.372,0.356,-0.911
Zero,1.28,-0.037,-1.399,-1.711,-0.37,-0.096,-1.461,0.097,1.217,1.048
Zero,-1.029,-1.135,0.069,-0.136,0.118,0.111,-0.935,-0.271,-1.544,-1.354
One,0.114,1.332,0.411,-0.819,1.038,-2.153,1.019,0.555,0.908,-1.004
One,0.252,1.591,-0.546,0.379,-0.336,-0.521,2.357,-0.749,0.393,1.106
One,3.183,0.583,-0.16,2.785,0.173,0.507,-0.518,1.422,-0.27,0.064
One,0.314,-1.163,1.33,0.642,-0.502,0.13,2.505,0.647,0.662,1.106
One,0.037,1.246,-0.125,1.602,0.243,0.474,-0.516,1.521,-0.136,0.655
One,-0.124,0.987,0.314,-0.733,0.721,-0.395,-1.496,-1.671,0.194,0.151
Zero,1.534,1.459,-0.697,1.328,0.916,-0.647,0.597,0.566,-2.098,-0.221
Zero,-0.637,-1.202,-0.168,-0.969,-0.235,0.325,-1.047,-0.442,-0.483,0.194
One,0.059,1.27,0.29,-0.874,0.794,0.967,0.269,1.463,0.395,0.691
Zero,0.128,-0.316,0.255,-0.112,-0.982,-0.257,0.064,0.192,-1.15,-0.64
Zero,0.217,-0.423,0.1,-0.869,-1.318,-0.209,-0.993,1.456,-0.462,0.526
Zero,-0.676,2.669,-0.676,2.087,0.425,-0.79,-0.419,0.055,0.124,0.313
One,1.557,1.048,-0.118,0.41,0.668,0.357,0.913,-1.614,-0.162,1.421
Zero,1.645,-0.493,-1.025,-1.521,1.113,0.24,0.645,1.103,-0.657,-1.119
One,-0.95,-0.515,-1.354,-0.826,-1.767,1.904,-0.945,-1.527,0.463,-0.067
Zero,-0.708,1.252,-0.593,-1.066,0.466,-0.869,0.62,0.911,-1.024,0.645
Zero,-0.051,0.409,2.34,-0.377,0.806,-0.064,0.796,-1.307,0.278,-1.018
Zero,-0.218,0.21,1.501,-0.623,-1.356,0.676,-0.683,1.455,0.299,-0.27
One,-0.334,0.425,-0.448,0.345,-0.513,0.548,0.708,2.631,-1.629,-1.406
One,-0.465,-2.152,-1.409,1.954,-0.622,1.404,-0.591,-0.488,1.098,-0.233
Zero,1.517,-0.164,0.022,-0.736,-0.72,1.385,0.744,1.142,0.292,-0.909
Zero,-0.734,-0.276,1.616,-0.482,0.255,0.993,0.35,-1.042,0.637,-2.491
Zero,0.524,-0.495,-0.256,0.233,1.533,-0.678,-0.927,0.773,0.378,0.592
Zero,-0.811,0.991,-0.398,1.432,0.03,1.179,0.988,0.296,-0.524,-0.228
One,0.161,0.414,-0.103,-1.126,0.69,-0.586,3.338,0.245,0.087,-1.011
Zero,-0.533,-0.771,0.153,-1.158,-0.856,-0.219,0.617,1.148,-0.529,-0.624
Zero,1.258,0.773,1.151,-0.474,1.581,-0.99,-0.356,0.414,1.867,0.768
One,-0.203,-1.251,-2.348,0.815,-0.188,1.615,0.765,-0.134,-0.083,-0.725
Zero,0.504,2.128,1.246,0.056,-1.461,-0.721,-0.837,-0.734,-1.193,-0.445
One,-0.003,-0.681,-0.348,0.263,0.214,3.073,1.792,-1.585,-1.385,-0.183
One,-0.291,1.281,-0.337,-0.297,0.968,2.793,-1.107,-0.811,0.129,0.519
One,0.348,0.702,-0.493,0.842,-1.548,-0.8,-1.428,0.365,-0.79,0.371
Zero,1.166,-0.558,-0.118,-1.603,-3.85,0.353,0.206,-0.194,0.499,-0.871
One,2.764,1.004,-0.259,0.487,-2.092,2.53,0.781,0.581,0.082,0.307
Zero,-0.071,-0.362,0.556,-0.221,1.338,0.394,-0.694,0.116,0.974,-0.86
Zero,0.486,-0.756,-0.781,1.885,-0.231,-0.378,1.001,0.508,-0.888,-0.52
Zero,0.556,-1.615,-1.092,-0.183,-1.324,0.334,-0.384,0.049,-1.117,-1.393
Zero,2.578,0.57,1.753,-0.138,0.165,-1.674,-0.318,0.114,0.485,-0.933
Zero,-2.015,-0.96,-0.197,-1.256,0.764,-0.329,0.321,1.011,-1.709,1.891
Zero,0.814,0.597,0.661,0.726,0.594,0.227,-0.967,-1.29,0.582,-0.407
Zero,0.323,-1.322,-1.354,-0.937,0.367,-0.777,1.148,-0.786,0.493,-0.398
One,0.371,0.544,0.054,-0.677,-0.944,-1.903,-0.698,0.03,-0.153,-1.178
One,2.156,-0.033,-1.161,0.028,0.696,-0.14,1.536,0.379,-0.57,-0.948
One,1.221,0.017,2.644,1.69,-1.43,-1.346,-0.399,1.532,-1.233,1.315
One,-1.423,-0.244,0.065,-1.198,0.335,-0.538,-1.222,-0.9,-0.211,1.04
Zero,-1.719,1.108,-0.4,-1.2,1.436,1.459,0.127,0.144,0.902,-0.238
Zero,0.113,1.207,0.696,0.681,1.011,0.307,-0.324,0.747,0.089,-0.178
One,-0.809,0.309,-1.229,-0.415,1.98,-0.241,1.243,0.83,0.028,-0.008
One,0.172,1.175,-0.644,-0.374,-0.414,-0.095,-0.495,-1.499,-1.249,0.139
One,-0.545,0.625,0.833,-0.568,0.475,-0.892,-0.985,-1.043,1.288,0.64
Zero,0.527,-0.886,-0.413,0.812,-0.229,-0.389,0.714,0.317,-0.045,-1.231
Zero,-2.075,0.044,1.691,0.016,0.472,-0.86,0.601,0.165,-0.494,0.533
One,-2.473,0.755,-0.439,-1.041,-0.389,0.873,0.517,-1.96,-1.198,-0.986
One,0.484,-0.013,-0.586,-0.771,-0.763,-0.704,-0.674,-0.728,-0.225,-0.616
Zero,0.433,-0.443,-0.555,-0.639,-0.814,-0.909,0.605,-0.315,0.983,-0.186
One,0.609,-2.256,0.04,0.657,0.86,-0.526,0.641,-0.023,0.993,0.177
One,-1.135,1.323,-0.087,0.422,0.174,0.439,3.027,1.376,-1.405,0.61
One,-3.083,1.537,-0.139,0.785,-1.463,2.817,0.424,0.112,-0.706,0.205
One,2.594,1.656,0.1,0.326,0.802,-1.086,0.133,2.106,1.442,0.149
One,-1.861,-1.142,0.347,0.362,0.57,-1.747,1.264,-0.16,0.204,-0.291
One,1.284,-0.329,1.425,1.054,-0.288,-0.059,0.274,0.965,0.263,-0.955
Zero,0.218,-1.13,-0.493,0.902,-2.457,-0.607,-0.326,-1.028,-0.442,-0.451
One,1.878,0.044,0.147,0.364,-1.09,-3.031,-1.393,-2.355,0.088,0.855
One,0.543,0.274,1.425,0.555,0.765,-0.953,-1.83,0.578,-0.143,0.973
Zero,-0.123,2.051,0.485,2.001,-0.703,0.028,0.083,0.193,2.19,-0.045
Zero,-0.441,-0.223,0.406,1.356,0.32,-0.673,1.905,-0.066,0.057,-2.746
Zero,-0.517,-0.843,0.373,-1.252,0.53,-0.016,-1.284,0.002,-0.116,-0.484
Zero,-0.888,-0.342,0.147,-0.585,0.733,0.653,1.06,-0.9,0.168,2.193
One,0.014,-1.473,-1.494,-1.136,2.435,-1.248,-0.669,1.68,2.028,-1.199
Zero,0.67,-0.964,-0.608,-0.505,-0.799,1.094,-0.843,0.091,0.196,0.916
One,1.752,-0.475,0.625,1.916,0.92,0.633,2.029,0.208,0.864,-1.598
Zero,-1.419,-0.421,0.446,2.28,2.213,-0.213,-0.028,-0.503,-0.018,0.556
One,-0.08,0.701,0.697,1.044,0.52,0.745,-1.303,-0.874,-0.206,2.252
Zero,-0.061,0.764,-1.413,0.528,1.118,1.316,-0.739,-0.584,0.565,-1.118
Zero,-0.552,-0.308,0.173,-0.085,-0.263,0.311,0.276,1.012,-0.652,-1.405
Zero,0.032,1.122,1.902,0.218,0.27,0.397,-0.969,0.853,0.361,0.469
One,1.093,-0.708,-0.769,0.365,-0.36,-1.075,1.901,1.144,-0.039,-1.007
Zero,-0.761,0.342,1.749,0.948,-0.955,0.25,-0.404,0.064,0.662,0.519
One,0.524,-0.287,1.328,1.036,0.4,-1.525,2.513,-1.091,0.281,-0.197
Zero,-1.586,-1.402,-0.971,0.651,0.434,-0.871,0.966,-0.88,2.014,-0.775
Zero,-0.404,0.134,-1.494,0.052,1.177,-0.108,0.732,0.122,1.263,0.173
One,-0.763,0.711,-1.276,0.12,-0.687,0.027,-0.134,-1.669,1.672,0.082
One,0.538,0.978,-0.203,-0.609,-0.432,-0.721,-0.427,1.759,-0.32,-0.218
Zero,-0.561,0.115,-0.274,0.028,-1.835,0.365,0.343,1.517,1.305,1.261
Zero,2.09,1.217,-0.344,0.479,0.076,-0.917,0.28,1.078,-1.218,-0.813
One,0.681,0.2,0.653,-0.77,-1.004,-0.82,-1.001,0.71,2.035,-1.073
One,-0.605,1.034,0.162,-1.817,1.138,-1.853,-1.752,-0.272,-0.488,0.199
One,-0.557,0.492,0.013,-0.889,-0.434,0.922,-0.289,-1.675,-0.804,0.022
One,1.042,0.761,0.078,-1.357,0.393,-0.767,0.963,1.568,-0.547,-2.241
Zero,0.411,1.811,1.249,-0.334,0.8,-0.163,0.426,-1.123,0.104,-0.572
One,-0.075,-2.451,-0.18,0.149,0.505,1.092,-1.324,1.622,-1.808,0.972
Zero,-0.215,0.678,0.168,0.035,0.33,0.768,-0.183,-0.285,1.658,-0.267
Zero,1.758,-0.922,-1.814,0.39,-0.255,0.953,-0.598,1.179,-0.714,0.11
Zero,0.076,0.007,0.825,-1.329,0.913,-1.099,-0.216,-0.255,-1.287,1.379
One,-1.928,-1.384,-0.792,0.76,-1.766,0.093,-1.477,1.021,-0.164,1.159
Zero,1.539,-0.998,-0.513,0.004,-1.158,1.021,-1.221,1.318,-0.711,-1.15
Zero,-0.286,-1.1,1.067,-0.501,-0.538,-0.009,-0.527,-1.011,-1.135,-0.139
One,-0.61,0.181,0.822,0.077,0.828,1.219,0.219,0.095,1.49,0.024
One,-0.113,-0.973,0.55,-1.67,-1.303,-2.312,1.312,0.283,0.92,1.331
Zero,1.816,0.135,0.345,1.744,-0.408,0.952,-1.393,0.484,1.039,-1.148
One,0.609,-1.35,0.687,-0.872,0.694,1.366,-1.987,-2.309,-1.186,0.052
One,-0.241,-0.34,-0.485,0.787,0.277,1.443,-0.11,1.848,1.256,0.778
One,0.924,1.074,0.413,1.077,1.19,1.55,0.472,0.291,0.302,0.951
Zero,-0.184,-0.766,0.192,-1.235,-0.149,1.207,-0.39,1.028,-1.018,0.097
One,1.795,-0.146,-0.502,0.303,0.418,-0.401,1.803,1.482,-0.479,0.73
Zero,0.745,-0.154,-0.38,-1.41,-0.553,-0.831,0.807,-0.326,-0.062,0.384
Zero,-0.53,1.295,-0.411,-0.56,0.567,-2.054,-1.559,0.334,0.563,-0.251
Zero,2.755,-0.175,1.647,-0.03,1.107,-0.835,-0.144,-0.377,-1.198,0.81
Zero,0.746,0.753,0.747,-0.634,0.228,1.716,0.416,1.193,1.492,0.12
One,-1.331,0.286,-1.211,-0.23,2.144,1.374,1.236,2.25,0.378,1.279
One,0.637,-0.146,-0.242,-0.588,0.253,0.084,-2.016,0.828,0.658,-0.837
Zero,0.806,0.722,0.016,-1.108,-0.065,0.908,1.422,0.314,-0.198,-0.398
Zero,-1.863,0.865,-1.067,0.044,0.239,0.3,-1.161,0.863,0.009,-0.917
Zero,-0.412,0.316,0.701,-0.609,-0.699,-0.237,0.121,1.287,0.642,-0.273
Zero,-1.261,-2.488,1.116,-1.177,1.344,-0.521,-1.764,1.024,0.378,0.434
One,-1.176,-1.079,0.638,2.562,-0.275,1.515,-1.299,0.108,0.77,-0.598
Zero,0.149,0.197,-1.287,-0.442,0.471,1.358,0.113,-0.62,-0.091,-0.916
One,1.133,0.045,-0.106,1.972,0.036,2.118,0.54,-1.16,-1.468,-0.086
One,0.224,-0.148,1.413,0.367,0.494,0.293,-0.881,0.093,-0.759,0.73
Zero,-1.831,1.501,-0.903,-0.11,0.092,-0.927,-0.128,0.442,-0.862,-0.119
One,1.667,-1.332,-0.739,-1.331,1.681,-1.371,0.702,-1.499,-0.314,1.213
Zero,1.805,-0.376,-1.023,-1.458,-0.074,0.616,0.703,-1.131,2.661,0.922
Zero,0.09,1.351,0.707,-0.319,-2.138,0.967,0.959,-0.297,0.552,0.479
Zero,0.802,-0.292,-0.113,0.628,-0.076,0.197,-0.502,-1.502,0.247,0.795
One,0.9,1.418,1.554,1.416,1.591,0.76,-1.729,-0.823,0.447,-0.366
One,-0.441,-0.328,0.371,1.351,2.258,-1.715,-0.762,-2.023,1.374,0.56
Zero,0.33,-0.579,0.752,-0.042,1.13,-1.156,1.465,-0.743,-0.357,0.855
One,-0.084,-0.933,2.331,1.76,-0.419,2.448,1.632,-0.366,1.063,-0.327
Zero,0.804,-0.389,-1.085,0.311,0.848,-1.324,1.069,-0.3,-1.528,0.436
Zero,-0.041,0.319,-0.483,-2.014,0.67,0.277,-0.33,-0.312,-0.249,-0.341
Zero,-0.201,-0.98,-1.247,-0.482,2.572,-0.868,-0.047,-0.529,-0.867,0.424
Zero,-0.77,0.993,-0.328,-0.028,-1.27,-0.67,-0.0,-0.51,0.513,0.294
One,-0.2,0.798,-0.623,-0.183,-0.642,-1.012,-0.232,-0.47,-1.009,-0.991
One,0.046,-1.307,-0.304,-2.08,0.106,-1.062,-1.018,-0.819,1.336,-1.786
Zero,1.307,-0.561,0.04,2.233,-0.604,-0.141,-0.637,0.747,-1.565,0.083
Zero,-1.096,0.771,-0.539,-2.029,1.374,0.59,1.008,2.183,0.227,0.185
Zero,1.957,-0.584,1.106,0.344,1.04,-0.449,-0.065,-0.597,-0.531,0.28
One,2.728,1.991,1.265,0.556,-1.944,0.431,-1.826,0.298,-0.431,-0.033
One,0.993,0.199,1.1,-1.559,-0.79,0.322,1.856,-0.092,0.677,0.575
Zero,0.604,-1.45,0.61,0.902,-0.419,-0.018,-0.25,-0.468,-1.089,-0.405
Zero,-0.525,-0.273,-1.763,0.524,-0.167,0.589,-0.236,-0.931,1.055,-1.961
One,-0.229,1.109,-1.234,-0.719,0.519,-0.954,-2.883,-0.618,1.115,0.612
One,0.245,-0.129,1.806,-0.214,-1.464,-2.827,-1.083,-0.167,1.299,0.675
One,0.149,0.541,-0.098,2.159,0.525,0.136,-0.338,0.837,1.053,0.051
Zero,0.579,-0.333,1.018,-1.677,-0.353,0.655,-0.52,-0.475,-1.042,1.293
Zero,-0.713,-2.471,-0.746,0.304,-0.829,-0.728,-0.821,1.222,1.788,-0.265
Zero,-1.549,0.339,0.501,-0.426,-1.943,0.472,-0.268,-0.76,-0.896,-0.527
One,0.431,1.878,1.726,1.234,-0.963,-0.011,1.636,-2.097,0.598,-0.432
Zero,0.204,1.173,-1.24,-1.294,-0.432,0.207,0.314,-0.868,-0.394,0.106
Zero,-0.751,0.12,-0.035,-0.333,-0.285,-0.518,0.568,-1.045,0.33,-1.221
Zero,1.422,-0.266,-0.71,-1.496,0.7,0.462,0.333,0.315,2.036,1.579
Zero,-0.794,2.437,0.368,0.21,0.316,-0.995,0.017,1.079,-0.01,0.242
Zero,1.21,-1.463,0.899,0.356,-0.043,-0.003,0.994,0.391,-0.54,2.577
One,-0.84,-0.072,0.062,-0.164,0.286,1.076,-0.531,-0.482,-0.004,-0.114
One,-1.174,0.559,0.643,-1.777,-0.843,-0.765,-0.062,0.984,1.177,1.11
Zero,-0.269,0.157,-1.018,0.581,-0.323,-0.022,0.246,-0.39,0.62,1.994
One,0.736,-1.006,-0.249,0.244,0.558,0.546,-1.711,-2.311,-2.21,-0.746
Zero,-0.125,1.678,0.986,-0.127,-0.742,0.798,-0.672,1.144,0.051,-0.216
Zero,-1.026,0.856,0.084,-0.274,-0.3,0.291,0.228,1.178,-1.046,1.648
One,-1.376,-0.049,-1.006,-0.938,0.44,1.097,-1.12,2.287,0.451,0.814
One,2.235,-0.221,0.152,0.41,0.828,-1.581,0.958,-1.415,0.746,1.302
Zero,-0.715,1.627,0.905,-1.096,0.777,-0.208,-0.388,-0.51,1.987,0.064
Zero,0.275,1.03,0.964,1.377,1.279,0.406,-0.243,-0.23,1.389,0.081
Zero,0.691,0.767,1.121,1.106,-0.146,0.398,0.236,-1.396,-0.166,0.437
Zero,0.531,-1.207,-1.678,-2.2,1.537,0.504,-0.081,-0.592,-1.65,-0.168
Zero,1.266,-1.102,-0.167,-0.57,0.395,1.155,0.372,-0.783,-0.727,1.224
Zero,-2.344,-1.08,-0.307,1.526,0.183,0.381,0.601,-1.494,0.047,-1.713
One,-0.774,-0.376,-1.319,-0.778,-0.444,-0.886,0.231,-0.712,-1.709,0.021
Zero,0.376,0.681,0.436,-0.628,-0.504,0.749,0.821,0.123,-1.611,-0.783
Zero,-1.364,-1.304,-0.362,-0.249,1.122,-0.931,-0.088,1.049,0.83,-1.497
One,1.025,0.695,0.902,0.421,-0.271,0.95,-0.467,0.959,0.079,0.732
Zero,-0.798,1.642,-0.408,-1.314,0.097,0.308,0.425,-1.169,0.59,1.461
One,0.751,0.17,-0.07,-0.168,0.88,0.193,-0.549,1.359,1.054,1.852
Zero,0.596,0.427,-1.159,1.741,-0.68,-0.741,0.596,0.864,1.238,-0.804
One,0.364,-0.814,0.545,-1.188,-0.832,-0.474,1.152,0.581,1.321,-0.428
One,0.905,-0.745,0.675,0.223,-0.112,-0.036,1.036,-1.283,1.159,0.377
Zero,0.827,0.255,-1.77,-0.271,-0.101,0.273,-0.046,-0.32,-0.306,-0.376
One,-0.921,-1.052,1.508,0.685,0.316,-0.027,-0.607,0.652,0.288,-0.803
Zero,0.826,0.2,-0.306,-0.99,-0.567,-0.48,0.722,0.092,-0.229,1.137
One,-0.654,-0.291,-1.014,-1.456,-0.856,0.12,-1.659,0.347,-1.728,0.82
Zero,-0.463,1.319,-1.258,0.566,-1.202,-0.09,-0.06,0.082,-0.462,-0.73
Zero,-0.199,-0.171,-0.412,-0.28,0.212,0.537,-0.848,0.582,2.038,-0.652
One,0.085,-0.394,0.827,-1.015,-0.024,0.317,1.49,1.389,-0.92,0.79
One,0.053,0.784,0.936,2.247,0.204,2.801,0.647,0.578,-0.269,-0.86
One,0.519,1.933,-0.076,-0.333,0.985,-0.252,-0.909,-1.349,-0.62,0.575
One,0.224,0.451,0.865,0.221,0.466,1.889,1.711,-0.304,0.389,-1.757
One,0.093,0.489,-1.457,1.669,-0.575,0.936,-0.144,-1.106,0.88,-0.304
Zero,0.778,0.791,0.581,0.253,-2.373,0.774,-0.29,0.364,1.407,2.146
Zero,0.374,0.325,1.585,-1.081,0.49,1.47,-1.059,0.126,1.953,0.283
One,-0.457,0.554,-0.943,0.445,-0.358,-0.687,-1.761,0.705,0.69,-0.353
One,1.614,0.48,-0.957,-0.441,-0.464,-2.196,1.236,-0.787,-2.293,-0.547
Zero,-1.006,-1.748,0.472,-0.883,-0.511,-0.098,1.364,0.177,-0.855,1.03
Zero,-0.819,-0.408,0.496,-0.121,0.944,-0.198,0.039,0.715,1.132,1.142
One,1.931,0.061,0.195,0.044,-0.675,1.073,1.1,0.316,0.858,0.03
One,-1.079,-1.908,-1.712,-0.595,-0.585,1.945,0.74,0.185,-2.266,0.738
Zero,1.336,0.826,-0.694,-0.491,0.835,-0.455,0.842,1.021,0.076,0.593
Zero,-0.503,2.231,0.35,-0.27,-1.242,-0.891,1.241,0.372,1.967,-0.862
Zero,1.567,-1.499,0.574,-0.041,1.648,0.308,-0.82,1.042,-0.24,-0.627
One,-0.822,-0.459,-0.105,0.633,1.824,-1.47,1.411,0.318,1.225,0.198
One,-0.485,0.455,0.358,-0.918,-0.95,-2.703,-1.149,0.975,-0.504,1.168
Zero,1.842,0.317,0.123,-2.292,1.896,1.273,-0.017,-0.227,-0.378,-0.561
Zero,-1.094,0.496,0.1,0.654,1.368,-0.308,0.051,0.429,0.164,1.922
One,0.534,1.413,-0.115,-0.819,-0.198,-0.876,1.86,-2.115,1.616,1.02
One,0.382,0.278,-1.633,0.815,0.125,-2.24,-0.295,0.159,0.979,1.08
One,1.073,-1.103,0.387,1.618,1.238,0.266,1.784,-1.908,0.967,-0.715
Zero,-0.73,-1.691,0.711,-0.38,-0.294,-0.036,0.274,0.158,-2.562,1.075
One,1.236,-0.345,0.402,0.199,-0.126,1.61,-0.513,-0.082,-0.316,1.314
One,-0.265,0.51,-2.018,0.334,0.127,0.455,0.839,1.406,0.697,1.108
Zero,-0.428,-1.573,-0.198,0.448,0.228,-1.194,2.143,-0.683,-1.861,-0.191
Zero,0.046,-0.217,0.681,0.84,-1.461,-0.936,0.602,-0.312,-1.456,0.394
One,0.295,-1.025,-1.153,-2.05,0.543,-1.57,0.48,1.05,-1.275,0.161
Zero,-0.101,-0.51,0.223,-0.283,0.954,0.625,-0.628,0.221,0.293,-0.778
Zero,0.936,-0.335,-0.719,1.236,-0.552,0.255,0.256,-0.149,-0.608,0.654
One,1.395,1.277,0.672,0.887,1.223,-1.239,1.806,-0.294,-1.335,0.694
Zero,0.478,-0.352,-0.802,0.663,-0.552,-0.138,0.939,-0.71,-1.487,3.288
Zero,-0.573,-0.546,0.937,1.061,-0.534,-1.124,-0.151,0.059,-0.349,-1.503
Zero,-0.174,-2.013,0.65,-0.452,-1.807,-0.342,-0.172,0.099,-0.504,1.096
Zero,-0.224,-0.435,-1.467,-0.734,-1.266,-0.153,-1.562,0.438,-0.069,0.756
One,-0.501,0.9,-0.658,-0.608,0.644,-1.275,1.711,-1.445,-1.776,-0.759
One,1.466,-0.403,1.343,0.932,-0.078,-0.146,1.078,-2.036,0.133,1.58
One,-0.373,0.354,0.437,-2.041,-2.136,1.362,0.605,-0.451,-1.509,-0.884
One,-0.949,0.831,-2.452,0.395,-0.717,-1.238,-0.496,0.111,-0.228,0.964
Zero,-0.781,0.261,-0.117,0.437,0.823,-0.355,-0.228,-0.259,-0.369,0.986
One,0.177,-1.613,0.671,-1.275,1.83,-0.808,0.723,-0.659,-0.574,1.652
Zero,-0.057,0.106,0.892,-0.716,0.717,1.207,-0.36,0.043,-0.719,1.698
Zero,1.462,-0.707,1.618,1.021,0.221,0.633,0.527,-1.207,-1.162,1.676
Zero,0.741,-0.197,-0.473,0.659,2.013,-0.265,1.62,-0.31,-1.356,-0.212
Zero,-0.628,-0.563,1.384,-0.384,0.274,-0.413,-1.083,0.615,0.653,-0.627
One,-2.012,-1.451,-0.226,-0.177,-1.0,-0.723,1.141,1.762,0.749,-1.254
Zero,0.358,1.614,0.501,0.591,-1.097,-0.05,0.258,-0.413,-0.791,0.002
One,-0.823,-0.891,1.333,0.898,0.881,0.705,1.319,-0.498,-0.724,-1.099
Zero,2.108,-0.061,-0.172,-0.178,-0.241,-0.425,0.71,0.553,-0.71,0.449
One,0.355,-0.655,0.614,-0.755,0.832,1.669,0.408,1.09,0.074,1.581
Zero,-0.812,-1.383,-0.791,0.069,-0.915,-0.053,0.347,0.219,-0.31,1.14
Zero,0.572,-1.536,1.087,-0.457,-0.705,0.583,-0.537,-0.895,0.606,0.331
Zero,0.252,0.467,-0.109,-0.614,1.77,0.408,0.616,0.381,-1.35,-1.792
One,-0.178,0.285,-1.963,-0.473,-1.645,-0.453,-0.758,-1.618,-0.245,0.916
One,-0.653,0.203,0.506,-0.549,-2.213,0.826,-1.878,1.831,-1.466,1.4
Zero,0.802,-0.117,2.079,-1.682,1.138,1.255,-0.516,-0.388,0.327,-1.808
One,0.99,1.453,-0.851,0.806,-1.732,-1.598,0.273,1.346,-0.042,-1.029
Zero,0.5,-0.764,0.159,-1.4,2.068,-0.119,-1.091,0.101,0.313,0.737
Zero,-0.343,0.16,-0.326,-0.099,2.378,-0.248,-0.946,0.528,0.452,-0.304
Zero,-0.293,1.163,-1.349,0.268,0.267,0.211,-1.333,-0.374,-0.762,-0.654
Zero,1.178,0.234,-0.14,-0.146,1.006,0.488,-0.342,0.874,0.654,-1.072
One,0.524,-0.482,0.131,0.885,0.162,1.571,0.711,-1.875,0.212,0.634
One,-1.076,-0.411,-1.957,-2.289,0.452,1.473,0.029,-1.346,-2.298,-0.975
One,1.498,-0.086,-0.443,0.841,0.214,0.749,1.96,-0.962,0.228,0.697
One,-1.399,-0.367,-0.903,-1.029,0.953,0.044,-0.342,-0.927,-1.337,0.695
One,-0.713,-0.115,-0.111,0.511,0.423,0.986,0.74,1.229,-0.674,-0.875
Zero,-1.043,1.461,-0.559,-0.222,1.419,-0.564,0.053,1.428,0.541,2.713
Zero,0.111,-2.571,2.077,-0.155,0.755,-0.477,0.224,1.04,-0.576,2.32
Zero,-0.426,0.417,-0.893,1.918,0.132,0.52,0.384,0.374,0.611,0.705
Zero,-0.044,-1.486,1.412,0.233,0.316,-1.78,-0.655,-1.004,1.401,-0.219
Zero,-0.13,1.996,0.483,-0.191,-1.186,0.963,-0.51,-0.308,-0.292,0.981
One,-1.4,-2.556,-1.853,1.489,1.801,0.388,0.834,1.44,-1.518,0.072
Zero,0.032,0.881,2.099,0.601,-1.238,-0.943,0.897,-0.587,-1.452,-0.875
One,0.808,0.011,-1.222,0.569,-0.999,-0.438,-0.745,0.504,1.018,0.76
Zero,1.522,0.625,0.474,-0.092,-0.748,0.06,0.362,0.118,-0.398,0.572
Zero,0.664,-2.977,1.059,1.146,1.261,-0.237,0.153,0.358,-0.58,0.622
One,-0.267,-0.096,0.17,0.832,-1.203,0.612,1.413,2.087,-0.469,0.463
Zero,-0.504,0.23,-0.494,-1.747,-0.319,0.153,-0.646,-0.156,-1.986,-1.054
Zero,-0.768,-1.065,-0.472,-0.82,-0.453,-0.776,-0.29,-0.813,1.964,-1.051
Zero,-0.198,-0.933,0.09,0.353,0.18,-0.224,1.158,0.331,-0.208,-0.229
Zero,1.208,0.868,0.582,-0.038,-0.374,-1.307,0.364,0.599,0.451,0.111
One,0.387,-0.977,0.187,-0.145,0.922,0.138,0.236,2.709,0.971,-0.171
Zero,0.72,0.74,-0.609,-0.319,-0.35,-0.827,-0.558,0.584,-0.935,0.562
Zero,-0.288,-0.731,-1.14,1.355,1.991,0.422,-1.333,-0.27,0.357,0.513
Zero,-0.558,0.57,-0.449,-0.41,-0.342,-0.092,-0.435,0.137,1.681,-0.845
Zero,0.183,-0.084,-1.78,-0.61,0.014,-0.617,-0.288,0.175,-1.018,0.489
One,-0.929,1.948,-0.261,0.893,-1.222,-2.003,0.423,-0.191,-0.338,-0.751
Zero,0.706,1.089,0.256,1.617,0.955,0.73,-0.308,1.069,1.404,-0.891
Zero,-0.17,0.462,-0.537,-0.419,0.137,1.085,-0.643,0.626,-0.16,-0.452
One,1.401,-0.43,-0.694,0.169,-0.375,-0.949,-1.86,-1.083,-1.252,0.133
Zero,0.885,0.736,-0.99,-1.221,0.888,-0.471,0.4,-0.472,0.345,1.662
Zero,-0.051,2.256,0.016,-0.741,0.91,0.228,-0.228,0.589,-0.419,-0.561
Zero,0.525,1.88,-0.221,1.719,1.49,-0.827,-0.53,-0.883,0.367,0.198
One,-0.909,0.33,-0.27,2.437,-2.173,0.522,-0.023,1.393,-1.165,1.318
Zero,0.311,-0.576,-0.388,0.285,-0.864,-1.285,-0.624,-0.438,-1.191,0.545
One,0.714,-0.068,0.053,1.647,-0.499,-0.355,1.451,-1.687,3.214,0.319
Zero,0.383,1.85,-1.328,-1.249,0.213,-0.016,-0.185,-0.775,-0.551,0.867
One,-0.884,0.878,1.445,0.137,0.448,-0.41,1.268,-2.675,0.377,-0.388
One,-1.509,-0.134,-1.4,1.685,-1.423,3.152,0.644,3.259,-0.725,-0.242
Zero,-0.345,0.123,1.308,0.327,0.863,-0.033,0.38,-0.239,0.966,0.518
Zero,1.621,-0.282,-0.075,1.748,-0.477,-1.607,0.521,0.103,0.184,1.028
Zero,-0.092,-0.235,-1.542,-1.497,1.643,-0.282,0.319,0.919,-0.532,-0.699
Zero,-1.898,-1.918,0.791,0.254,-0.545,-0.28,0.423,0.296,-0.055,-0.052
Zero,1.695,-0.295,-1.93,0.52,1.778,0.687,-0.73,0.398,-0.1,0.541
One,0.27,0.791,-1.533,-1.28,1.33,-0.048,-1.215,2.132,-1.897,0.381
Zero,-2.554,-0.659,-1.891,-1.157,-0.068,0.074,0.935,0.209,-0.216,-0.663
Zero,0.276,0.496,-1.888,-0.975,0.499,0.652,0.603,0.538,0.444,-1.991
Zero,0.75,-1.113,1.968,1.303,-0.456,1.079,0.743,0.859,-0.17,1.018
Zero,-0.264,0.957,-1.648,1.849,-1.29,-1.725,-0.889,0.036,-1.209,1.196
Zero,-0.333,-0.178,0.832,0.07,2.696,0.797,0.845,-0.405,1.457,-0.005
One,0.112,1.486,-1.109,0.163,0.064,-0.412,-1.196,-1.329,-0.342,-0.041
One,-1.268,1.549,0.53,0.469,1.342,0.226,1.395,-1.314,-1.472,-1.07
One,-0.419,0.528,0.069,0.549,-0.753,1.378,1.213,1.311,0.915,-0.502
Zero,0.822,-0.109,-0.038,0.353,0.49,0.501,-0.904,-0.22,0.513,0.304
One,-0.919,-0.988,-1.267,-1.247,-0.163,-0.093,-1.721,1.301,-1.842,0.115
One,1.45,-0.295,0.668,0.353,1.409,1.642,3.156,-1.176,-0.146,0.669
Zero,0.471,1.925,-0.654,0.159,-1.47,1.291,0.433,-0.363,1.257,-0.142
One,0.1,-0.692,0.611,-0.56,-1.846,1.106,-1.354,1.439,-0.567,0.149
Zero,-0.148,-1.677,0.691,-0.952,-0.503,0.858,0.499,0.163,0.484,-1.148
One,-1.368,-0.761,1.605,0.142,-0.133,-0.591,0.695,-1.169,0.786,1.028
One,0.425,0.239,-0.423,1.239,-1.37,-0.072,0.598,1.915,0.399,-0.266
Zero,-0.474,0.527,-0.089,-0.745,-0.792,-0.705,-0.097,0.032,0.349,-0.804
One,-0.368,0.18,1.261,-0.788,0.246,0.638,0.737,0.246,0.537,0.098
Zero,-0.441,-1.686,1.309,-0.249,-0.149,1.238,-0.102,-0.196,0.693,0.61
Zero,0.862,-0.494,-0.349,0.561,-1.047,-0.552,-0.35,-0.434,-0.892,-0.226
Zero,-0.0,-0.144,-0.362,-0.094,0.167,-0.633,1.692,0.034,-0.656,0.487
Zero,-1.569,-1.422,0.063,-0.672,0.791,0.262,-0.135,0.178,1.09,2.178
One,0.645,0.219,-1.337,-0.465,-0.402,0.504,-1.313,1.16,1.781,0.779
One,-1.423,1.013,0.655,-0.664,-0.916,-0.488,-1.653,-0.362,0.188,-0.025
Zero,1.885,0.467,1.329,-0.438,0.685,-0.156,-0.018,1.136,1.844,-0.201
Zero,0.412,1.996,0.181,0.96,0.797,-0.122,1.492,-1.279,0.315,1.202
One,-0.367,-0.232,-0.008,0.772,-0.967,0.443,0.475,1.218,-0.834,-0.263
One,-0.278,1.843,-1.441,0.445,0.44,0.318,0.034,-1.65,0.227,-0.792
One,0.661,1.392,0.148,-1.154,2.049,0.333,-0.445,-0.482,-1.031,1.512
One,0.444,0.684,-0.559,0.815,-0.372,1.273,-1.678,-1.196,-0.955,-0.587
Zero,-0.344,1.419,-1.287,-0.383,0.452,1.652,-0.214,-0.522,0.093,-0.941
Zero,-0.096,1.867,1.036,0.335,0.702,-0.561,0.58,-0.177,-0.262,0.044
One,-1.278,0.741,0.949,-0.183,-0.179,-0.015,-1.739,-1.196,-0.097,-0.003
Zero,-0.527,-0.884,-1.258,1.7,0.012,0.55,1.464,0.159,-0.258,-0.194
Zero,-1.235,-0.865,-1.555,1.16,2.09,0.136,0.151,1.262,-0.58,-0.878
Zero,1.16,1.368,1.085,-2.004,0.088,1.196,0.494,1.203,-1.447,-0.933
One,0.944,0.493,1.189,1.984,-1.089,0.338,2.275,0.941,-0.108,0.4
Zero,0.226,-0.182,0.899,-2.663,-0.641,1.026,0.148,-1.459,-0.125,-0.858
One,1.403,0.906,-0.875,-1.209,-0.428,0.422,-0.055,1.715,1.174,-1.429
One,-0.216,0.897,-1.69,1.219,0.851,2.085,0.17,0.799,-0.329,0.671
One,0.536,0.62,0.601,0.315,0.022,1.501,2.348,1.81,0.382,0.479
Zero,-1.277,0.895,0.965,0.876,0.388,0.342,-0.137,-0.392,-0.105,-0.703
Zero,-0.365,0.725,-0.583,0.442,1.578,1.434,0.242,1.4,-0.311,-0.272
One,1.244,-0.044,-2.26,-0.478,0.049,-0.764,0.304,-1.479,0.582,-1.148
One,0.93,-0.119,1.217,0.122,0.516,0.912,-0.911,0.075,-1.547,1.155
Zero,-1.076,-1.729,0.301,0.241,0.345,1.21,-1.256,0.155,-0.315,0.511
One,-0.45,-2.249,-0.617,-0.763,-0.78,0.321,-1.478,0.572,-0.119,-0.615
One,-1.102,0.408,1.663,-2.433,0.115,1.373,-1.986,0.419,1.321,-1.562
Zero,0.154,1.441,0.182,-2.551,0.379,0.824,-0.429,1.12,-0.488,0.315
One,-0.374,0.6,0.101,0.072,-0.085,0.172,-2.689,-0.631,0.547,-0.463
One,-1.969,0.638,-1.235,-0.62,0.55,-1.53,-0.326,-1.193,-1.03,1.113
Zero,0.868,-1.371,0.215,0.012,-0.497,0.59,0.873,-0.319,-0.75,-0.807
One,-1.53,0.555,-0.309,0.09,-0.891,-2.57,-0.913,1.277,0.143,-0.308
Zero,1.209,-0.443,0.989,-1.674,0.332,-0.16,1.031,-0.609,-0.004,0.144
One,1.581,-0.225,-0.642,-0.139,1.625,-0.726,-0.664,-1.507,2.258,0.293
Zero,-0.408,-0.239,0.18,-1.095,0.205,-0.083,0.783,-0.629,-1.491,0.379
One,1.422,-1.082,0.818,-1.631,0.328,-0.433,-1.606,-0.866,0.59,-0.042
One,-0.235,1.091,0.261,-1.622,-1.618,0.483,-0.378,-3.832,1.112,-0.258
Zero,1.132,-2.492,1.926,1.495,-1.531,0.936,-0.8,-0.709,-0.054,-0.75
One,-1.027,-0.136,-0.655,-0.354,0.224,1.118,0.99,-0.176,-0.647,-1.543
One,0.815,-0.095,1.093,-0.32,1.37,1.318,-2.041,0.617,-0.366,-1.02
One,-1.573,-0.54,-1.56,1.119,0.381,-1.633,-0.047,0.714,0.548,-0.642
One,-0.28,-0.766,1.373,1.281,0.77,-1.371,0.107,-0.775,0.447,-0.252
Zero,0.055,0.543,-0.804,0.979,-0.384,0.7,0.207,1.508,-0.825,0.611
Zero,-0.778,-0.334,1.34,0.389,-0.564,-1.197,-0.607,-0.727,0.26,0.138
Zero,-1.729,1.505,0.848,-0.938,0.479,0.296,-1.437,0.826,-0.668,0.828
One,-0.796,1.154,-0.671,0.205,1.052,-0.135,0.086,-2.324,0.486,0.721
Zero,1.338,-0.244,0.083,0.264,-0.23,-0.965,-0.727,0.468,1.14,0.577
Zero,-0.197,0.726,-0.409,0.2,-0.005,-0.094,-1.075,0.38,1.304,0.406
One,1.381,1.053,0.228,-0.707,-1.272,-1.058,-1.26,0.525,-0.74,0.013
One,1.622,-0.474,-0.035,0.816,-0.832,-0.152,0.893,1.233,-0.89,1.148
Zero,1.765,-1.368,-2.015,-0.407,-0.34,0.163,0.887,-1.109,0.526,-1.235
Zero,1.316,-1.828,-0.472,0.121,1.39,-0.826,0.281,-0.677,0.972,-0.277
Zero,1.579,-0.254,-1.134,-0.753,0.609,1.401,-0.26,1.053,0.128,0.504
Zero,0.132,-0.633,1.198,-0.109,-2.218,0.517,0.203,-1.419,1.391,0.231
Zero,0.461,-1.12,-1.018,-1.678,-0.075,-0.179,1.13,0.263,-0.525,-0.511
Zero,0.045,0.51,-1.089,0.952,-0.07,-1.235,-0.128,1.16,-2.415,1.013
One,1.538,0.093,1.134,-1.477,0.453,-1.052,-0.342,1.269,-0.98,0.763
One,1.076,0.01,0.652,-0.724,-0.774,0.918,1.681,0.963,0.154,0.871
Zero,0.038,-0.42,-0.233,-1.504,-0.443,0.066,0.616,-0.117,-1.14,-0.534
Zero,-3.114,-0.793,-1.883,-0.442,0.566,-1.617,0.731,-0.389,-0.825,0.261
One,-0.007,0.465,0.793,-0.691,-0.386,0.18,1.182,-1.275,-0.228,1.688
Zero,1.05,0.45,-0.181,-0.572,0.481,0.932,0.54,-0.746,0.167,-0.673
One,-1.394,0.916,0.646,0.912,1.068,-0.922,0.014,-1.008,2.23,1.181
One,0.705,0.446,-0.769,-1.077,-0.676,-0.771,-1.649,1.828,-2.093,0.686
One,-0.248,-0.915,1.28,-0.535,-1.125,-2.717,0.097,0.218,-0.444,-0.212
Zero,0.483,0.67,-0.349,0.718,0.468,-1.03,-0.071,-0.295,-0.274,-1.891
One,-0.864,-0.451,0.54,0.34,0.775,-0.063,1.717,-0.477,0.508,-0.03
Zero,-0.062,-0.046,1.201,0.406,-0.67,0.516,0.372,-0.086,-0.143,-0.164
One,0.172,0.515,-3.557,0.038,-0.249,0.094,0.395,-2.809,0.036,-1.187
One,0.831,-0.496,0.962,-0.833,0.623,-0.301,-0.275,-0.108,-1.081,-1.351
Zero,-1.541,-0.332,-0.671,-0.279,-0.705,0.841,-0.78,-0.899,0.741,-0.831
Zero,0.965,0.998,-0.88,0.581,0.535,0.67,-0.617,0.161,-0.016,1.703
One,-1.322,0.453,0.503,0.965,0.346,2.597,0.412,1.477,-1.257,-0.391
Zero,0.497,-0.632,0.015,-0.366,1.001,-0.216,-0.602,0.342,0.389,0.672
Zero,1.924,-0.447,0.188,-0.276,1.144,-0.07,0.106,-0.019,-1.275,0.563
One,0.007,-2.402,1.055,-1.566,-0.152,0.551,0.494,-1.237,-0.046,0.575
Zero,-0.747,0.827,1.308,1.062,-0.409,-0.519,0.69,0.163,1.31,-0.579
Zero,-0.532,0.722,-0.856,1.529,-1.812,-0.821,0.177,-0.504,-0.059,-2.001
One,-0.237,2.016,1.128,0.431,-1.415,2.074,0.343,-1.548,0.751,-0.57
Zero,-0.605,0.579,0.007,1.501,0.498,-1.376,0.217,0.254,-0.007,-0.087
Zero,-1.626,0.49,0.703,-0.191,-0.879,0.174,-0.005,-0.887,-1.34,-0.032
One,0.205,-0.029,-0.47,-1.283,-0.153,-0.307,-1.843,1.838,-2.096,0.285
Zero,0.45,-0.146,-1.473,0.603,-0.609,-0.209,0.337,0.408,-0.374,1.08
Zero,-0.836,0.271,0.678,-0.34,-1.192,0.845,0.379,-0.258,-1.69,1.673
Zero,0.782,0.801,-0.168,-0.297,-1.171,-0.335,0.464,0.219,0.434,2.079
Zero,0.662,-0.413,0.55,-0.039,-1.04,0.871,0.391,-0.468,-1.328,-1.006
One,0.932,0.698,0.159,0.245,0.032,-1.827,-0.327,0.437,0.979,0.314
One,1.382,0.458,-1.808,1.545,0.835,-0.516,3.69,0.727,0.854,-0.72
Zero,1.378,1.033,0.732,-0.55,-0.543,1.151,0.092,0.13,0.611,0.306
Zero,-0.891,-1.214,0.191,2.812,-1.139,-1.562,0.158,-0.43,-0.478,0.345
Zero,0.123,1.265,0.625,0.326,1.004,-0.924,-0.021,-0.364,-0.898,0.548
One,0.799,-0.43,-1.033,-1.85,0.17,1.104,-0.817,2.812,-1.376,0.586
Zero,-0.234,-2.093,0.481,0.464,-0.064,-0.468,-0.127,0.237,0.643,0.164
One,0.034,0.75,-0.421,1.393,-0.099,1.692,1.224,1.3,0.553,-0.762
Zero,0.374,0.745,0.529,-0.785,-0.915,0.42,-1.553,0.525,-1.671,-0.047
Zero,3.344,1.735,-0.626,0.285,0.268,0.267,-0.388,-0.197,-0.259,-0.93
One,0.418,1.412,1.145,-0.732,0.374,-1.137,-0.235,-0.647,0.654,-0.217
Zero,0.507,0.602,-1.047,1.772,-1.278,-0.417,0.608,0.828,-2.385,0.988
Zero,0.375,-0.917,-0.395,-0.785,1.532,0.694,0.508,1.342,0.163,-0.482
Zero,0.56,-1.405,0.536,0.92,0.863,-0.038,-1.403,-0.315,-0.482,0.376
One,1.686,-0.054,-0.665,-2.416,0.924,-0.094,-1.32,0.069,2.256,1.355
Zero,-0.072,-0.451,0.83,1.082,0.849,-0.211,-0.365,0.731,1.302,-0.124
Zero,1.214,0.705,-1.025,-0.346,0.123,-0.169,0.94,0.672,-1.555,1.464
One,1.076,0.287,-1.13,-0.709,-0.688,-0.602,-1.313,0.042,1.464,-0.802
One,0.854,0.219,-1.107,1.547,-0.346,0.163,0.265,1.416,-0.778,0.012
Zero,0.186,1.597,0.951,0.809,-0.063,0.482,0.087,0.675,1.545,0.192
Zero,-1.48,0.887,1.08,0.683,-0.976,-1.801,0.703,0.537,-2.297,0.848
One,1.842,1.395,-1.267,1.599,-1.287,-1.763,0.316,-1.165,-0.059,2.029
One,1.19,0.39,-0.326,0.632,1.197,-1.137,-0.262,-1.325,0.083,-0.549
One,1.669,-1.765,0.778,-0.107,-0.102,-0.073,-1.053,-1.321,-1.121,0.431
Zero,0.484,-1.113,-0.175,1.734,-0.061,-0.647,0.704,1.381,1.303,-0.436
Zero,-0.134,0.955,-0.446,-0.374,-1.354,-0.196,-0.973,1.037,-0.7,2.126
Zero,0.817,0.252,0.353,1.624,0.982,-0.651,-0.203,0.138,-1.526,0.295
Zero,-1.754,1.348,-1.807,-0.275,-0.255,0.054,0.646,-0.528,1.041,1.188
One,1.23,-0.54,0.443,0.868,-0.005,-1.729,0.628,1.655,-0.815,-0.17
Zero,-1.046,0.856,0.387,-0.148,-0.98,0.701,0.252,-0.191,0.025,-0.877
Zero,0.572,0.921,-0.597,1.309,0.362,-1.011,0.469,-0.768,2.437,1.821
One,-0.646,-1.178,0.573,-1.004,-0.343,-0.873,1.937,-0.516,1.51,0.117
Zero,-0.333,2.553,-0.013,-0.609,0.376,0.323,0.439,0.916,-0.881,-0.019
Zero,-0.717,-0.094,0.543,-0.529,-1.163,1.222,-0.171,-0.205,-0.558,-0.818
One,-0.253,2.26,0.103,-0.319,-0.736,-0.791,0.676,0.327,0.439,-1.122
One,0.309,-0.884,-0.843,-0.229,-2.017,-1.96,0.692,-1.925,0.407,0.113
Zero,0.761,-0.428,1.492,-0.271,0.558,-0.098,-0.635,-1.85,-1.06,-0.374
One,-0.822,1.437,-0.666,1.519,-0.367,-0.228,-1.822,0.024,-0.535,-0.791
Zero,0.205,-0.726,0.081,-0.481,1.5,0.222,1.287,-0.628,-0.325,-1.972
Zero,-1.074,0.507,1.634,1.704,-0.654,1.275,-0.215,-0.156,-1.061,0.932
One,0.693,-0.032,0.819,-0.19,-0.065,1.644,0.85,-1.188,-0.335,1.589
Zero,0.991,1.647,-0.078,0.46,0.3,0.105,1.849,0.285,-0.038,2.096
Zero,-0.521,-0.037,2.823,-0.222,1.478,-0.552,0.017,-0.727,0.17,-1.054
One,1.653,-0.04,1.194,1.728,-0.431,1.069,0.116,2.103,0.666,-1.195
One,0.318,0.54,-1.734,1.584,2.459,-1.615,-0.768,1.718,-0.567,1.076
One,0.19,1.706,-0.205,-0.4,0.052,-0.54,-1.516,-1.113,1.799,0.036
One,1.04,0.605,-0.24,-0.478,-0.375,0.607,-0.161,0.376,1.58,0.147
Zero,0.441,0.03,-0.135,-0.588,-0.103,-0.876,0.071,-1.236,0.971,-0.069
One,0.522,-0.083,-1.115,0.102,-0.137,-0.855,-0.544,1.416,-1.791,1.501
Zero,-1.299,-0.528,0.987,0.208,0.71,0.16,0.427,0.273,-0.348,0.113
One,-0.484,-0.908,2.009,-1.804,-0.254,0.644,1.488,-0.128,-0.654,0.365
Zero,-1.461,-1.328,-1.027,0.01,0.187,-0.278,-0.207,-0.297,1.161,-0.581
Zero,0.905,-1.21,-0.703,0.424,0.835,-0.366,0.011,-1.144,-1.78,-0.703
Zero,1.005,-0.924,-0.286,1.358,1.054,-0.33,1.511,-0.844,0.183,-0.244
Zero,-0.21,-0.642,0.753,1.963,0.882,1.241,-1.481,-0.584,-0.027,-1.478
One,-0.168,0.007,0.837,0.089,0.177,-0.98,0.187,1.842,-0.544,-0.339
One,-0.617,-1.062,0.043,0.854,2.617,-0.125,0.506,-2.648,0.427,0.218
One,0.215,0.155,0.902,-0.533,-0.199,1.841,-1.294,-1.796,-0.45,-1.151
Zero,-0.554,1.092,-0.8,0.39,-0.136,0.569,-0.362,-1.097,0.099,0.153
Zero,-1.42,-0.343,-0.3,1.043,-0.114,-0.488,-0.095,0.256,-0.336,0.591
One,0.151,0.359,-0.008,-0.522,-1.985,1.877,-0.525,1.062,0.242,-0.481
One,-1.324,1.432,0.647,2.247,-0.739,-1.633,0.862,-1.075,0.604,-1.161
One,-1.103,-0.175,0.153,1.995,-0.035,-0.28,-0.641,-1.154,-0.504,0.056
One,-0.207,-1.383,-0.706,-0.088,-0.749,-0.954,-1.799,-0.531,0.181,-0.397
One,1.38,2.468,-1.267,0.933,0.629,-0.211,2.096,-0.917,0.894,-1.946
Zero,-2.358,-0.538,-0.622,-0.445,-0.393,0.158,-1.041,0.31,-0.28,-0.829
One,0.337,-0.359,1.02,0.168,-0.52,-0.434,1.393,1.111,-0.482,-0.88
One,0.752,0.255,1.843,0.128,0.37,1.969,-0.062,-0.616,-0.884,-0.045
One,0.654,0.41,0.314,0.473,-0.341,0.886,-2.125,-1.61,1.128,-1.101
Zero,-1.187,-1.307,-0.541,0.246,-1.306,-0.492,0.056,-0.43,-0.115,-2.49
One,0.29,0.587,0.487,0.138,-1.417,-0.481,-1.92,1.919,-2.284,1.04
Zero,-0.48,-0.417,-1.356,2.264,0.206,-0.197,-0.114,-0.011,-0.603,0.751
Zero,-1.248,0.435,1.074,1.206,-1.671,1.046,0.476,0.292,0.511,-0.551
Zero,-0.449,0.596,-0.152,1.019,-0.967,1.104,0.573,0.435,-0.183,0.855
Zero,-0.434,-0.176,0.534,0.928,0.974,-0.352,0.096,1.667,-0.197,-0.84
Zero,-0.828,-0.452,-0.118,-0.884,-0.656,1.13,0.672,0.44,-0.198,-1.306
One,0.841,-1.72,-0.401,-0.022,-0.735,1.14,-0.054,1.195,-1.277,-3.333
Zero,-0.593,0.597,0.099,-0.562,1.491,1.153,0.619,-0.614,-0.89,0.289
Zero,-1.725,-0.569,-1.034,-0.216,-1.37,1.512,-0.089,0.774,-0.62,-0.895
Zero,-1.759,-0.109,-0.42,2.396,-1.32,-0.661,1.186,-0.046,-1.523,-0.829
One,0.294,-1.941,1.159,0.012,-0.216,1.858,-0.137,1.113,-1.364,1.152
One,0.237,-1.47,-0.295,-0.169,0.419,-1.218,-2.019,-0.159,-0.774,0.515
Zero,0.588,0.154,-1.237,0.501,-0.65,-0.205,-1.139,-0.032,0.525,-0.721
Zero,1.273,-0.964,0.092,2.229,-2.611,-0.802,-0.731,-0.587,-1.469,0.765
Zero,0.857,1.222,2.146,0.394,2.656,-0.668,0.903,-0.821,-1.262,-1.259
Zero,1.178,0.741,-0.138,0.296,-1.293,0.781,0.996,-0.096,-0.259,-0.247
One,-0.571,-2.04,-0.755,-1.042,-0.123,0.398,0.845,-0.862,0.457,1.23
Zero,-1.08,1.202,1.935,0.04,-0.453,-1.577,0.964,0.29,-0.065,0.101
Zero,-0.446,0.391,-0.631,-1.823,-0.096,-1.059,-0.091,-0.335,0.126,-0.312
Zero,-0.98,-1.433,0.017,0.168,-0.857,-0.681,0.392,-0.679,0.304,-0.771
Zero,0.76,0.937,1.15,-0.046,0.615,0.588,0.294,-0.158,1.459,-0.255
Zero,0.263,0.748,0.337,0.025,0.332,0.265,-0.989,-0.867,1.267,-0.741
One,-0.402,0.039,2.536,-0.329,0.777,-0.841,0.745,1.768,0.645,0.621
Zero,0.759,0.643,0.292,0.105,-0.338,-0.751,-0.305,0.242,1.245,1.144
Zero,-0.386,0.49,-1.07,0.049,-0.59,-0.586,1.206,0.657,0.548,-0.962
Zero,-1.512,1.006,0.318,0.687,0.062,0.941,-0.589,-0.598,-0.774,0.498
One,1.303,0.223,0.291,-1.61,-0.769,-0.185,2.078,1.433,0.875,0.486
Zero,-0.167,-1.515,-1.314,-1.451,1.897,-0.268,-1.541,1.621,0.019,2.189
One,-0.977,0.094,0.011,0.817,1.688,-3.199,1.771,-0.515,-0.316,-0.171
One,0.135,-0.59,-1.475,0.647,-1.102,0.444,-0.033,-1.991,-0.937,-1.35
One,-0.047,-1.007,-0.034,-0.122,1.668,1.75,0.412,0.864,1.983,0.535
One,-0.764,-1.579,0.344,-0.459,0.515,0.075,0.143,2.191,-1.993,-0.651
Zero,0.464,0.409,0.206,1.07,1.008,0.795,-0.336,-0.865,-0.173,-0.581
Zero,-2.45,-2.049,-2.034,-0.882,2.062,-0.508,-0.189,0.534,-0.729,1.027
Zero,-0.003,-0.393,1.18,0.479,0.633,-0.554,0.402,0.009,-1.177,0.212
One,1.504,0.251,1.17,-0.19,-1.354,-0.315,-0.965,-0.124,-0.284,1.824
One,-1.08,-0.569,1.163,0.402,0.128,1.399,-0.395,-0.613,-1.057,-0.18
Zero,-0.229,0.247,-0.736,0.464,1.206,-0.261,0.348,-0.186,-0.356,1.776
One,-0.772,0.137,-0.262,0.157,-1.981,-0.425,-1.813,1.813,1.807,0.506
One,1.227,-1.5,-1.529,-0.403,-0.24,-2.008,2.049,-0.414,-0.757,-0.65
Zero,-1.514,-0.014,0.191,-0.641,-2.066,1.198,-0.455,-0.559,0.1,-1.747
Zero,1.424,-1.64,0.83,0.099,-0.891,0.175,-0.349,1.023,1.377,-1.242
Zero,1.138,-2.738,-0.419,-1.73,0.59,-0.666,-0.024,-0.428,0.22,-0.036
Zero,0.518,-0.313,-0.591,0.744,0.584,-1.888,-0.335,0.356,-0.424,-0.446
Zero,-1.112,-1.907,-0.13,-0.325,-1.281,1.534,-0.492,-1.014,-0.717,0.157
Zero,0.985,1.004,-2.028,0.272,0.199,0.044,-1.684,1.394,1.656,0.497
Zero,0.337,-1.224,0.066,-0.261,0.309,-0.267,0.445,0.56,0.244,1.95
Zero,-0.314,0.326,-1.812,-1.74,-0.353,0.109,0.856,-0.761,0.642,0.874
Zero,-0.527,-0.534,-1.472,2.503,-0.1,-1.263,0.757,-0.044,1.723,0.518
One,1.439,0.648,-0.74,-0.647,-0.151,1.128,0.731,1.816,-0.29,-1.109
One,-1.788,-0.413,0.299,0.546,1.758,0.193,-0.04,-2.035,1.602,0.496
One,1.018,-0.034,0.002,1.083,0.206,0.348,-1.094,-1.456,0.221,0.506
One,1.567,0.732,1.066,0.439,-0.796,0.524,-3.225,-0.744,1.587,-0.5
Zero,-0.324,0.102,1.434,0.658,-0.338,0.089,-1.119,0.804,-0.037,-0.393
One,1.116,0.309,0.982,0.35,1.861,-0.787,0.264,-1.428,-0.843,-1.783
One,0.28,0.978,-0.115,0.166,0.753,-0.448,-0.94,1.223,-0.975,0.464
One,0.224,0.448,0.038,-1.843,1.489,-0.48,1.623,0.964,-1.103,1.338
One,0.384,-0.754,2.058,-0.214,-0.086,-0.136,-1.968,-1.573,-0.456,-0.096
Zero,0.535,-0.19,0.689,-1.758,-0.535,-0.244,-1.525,0.035,0.104,-0.488
Zero,0.439,-0.921,-0.773,-0.855,-1.104,-0.523,-0.62,-0.838,0.105,-0.294
One,1.09,-0.43,0.964,-0.295,1.353,-2.046,0.002,-0.623,1.538,0.061
Zero,-1.129,0.668,-0.704,-0.103,1.753,0.42,-1.065,-1.204,-0.925,0.939
One,-0.287,-3.138,0.341,-0.7,0.6,0.075,0.11,-1.37,0.503,0.362
One,0.027,-0.549,0.578,-0.036,0.787,0.016,0.312,-1.02,-1.254,0.387
Zero,-1.569,-0.519,0.638,1.935,1.659,0.859,-0.858,0.139,0.918,2.002
Zero,1.237,-1.182,-0.649,0.659,-0.147,-0.794,1.368,0.378,0.357,0.769
Zero,-0.174,0.126,-0.838,0.717,-0.332,1.863,-0.822,0.671,1.953,0.379
Zero,0.959,-0.338,0.448,1.254,0.527,-0.225,-0.116,0.646,-1.647,-0.008
Zero,-0.94,-0.725,1.292,-0.313,-2.078,0.459,-0.24,-0.052,-0.33,0.47
One,-0.097,-0.435,-0.614,0.344,-0.903,1.001,-0.45,-1.688,1.04,1.032
Zero,-0.175,-0.288,-0.068,-0.469,0.216,-0.462,0.194,0.263,1.588,0.414
One,-0.974,-0.409,-0.87,0.353,-0.428,-1.09,0.314,-0.055,0.58,-1.427
Zero,0.086,0.38,-1.924,-1.533,-1.89,0.606,0.817,0.789,0.184,-0.211
Zero,0.303,0.727,2.159,0.406,0.318,-1.055,-0.068,0.469,-0.542,-0.042
Zero,2.539,-1.782,0.973,0.323,-0.017,-1.131,-1.171,0.623,-0.164,0.55
Zero,0.42,-1.952,-0.636,-1.444,1.341,-0.133,-0.675,-1.565,-0.93,-0.468
Zero,1.075,-0.944,1.554,-1.526,0.523,1.172,0.315,-0.01,1.478,-0.107
Zero,-0.75,-0.891,1.064,0.739,-1.267,-0.254,-0.795,0.504,-1.083,-0.574
One,0.507,-0.082,0.527,-0.303,1.235,-0.393,1.507,-1.981,0.829,-1.467
Zero,-0.033,2.512,1.1,0.649,-0.628,0.446,0.329,1.048,-0.417,-0.26
Zero,0.225,0.526,-0.864,-0.171,3.296,-0.413,0.368,1.276,-0.37,-0.562
Zero,0.215,-0.588,1.148,-0.924,-1.164,-0.414,-0.159,-1.231,0.107,0.194
One,0.328,-0.955,0.141,0.344,1.553,2.13,0.361,1.775,1.129,1.322
Zero,0.084,0.916,0.106,0.225,1.033,-0.004,1.362,0.297,0.643,0.879
Zero,-2.532,0.659,-1.094,-0.3,-1.031,-0.63,-0.999,0.367,0.574,0.616
One,-0.845,0.881,0.451,-0.966,0.162,-1.309,1.233,2.068,-0.198,1.517
One,1.558,-0.456,0.271,-0.212,0.103,-0.29,1.893,-0.111,1.175,-0.835
One,0.6,0.021,-2.006,-0.551,-0.089,3.001,0.577,-1.032,0.173,2.315
Zero,-1.204,-0.178,-0.875,-0.274,-0.469,1.046,0.767,0.766,1.157,-0.582
Zero,-1.008,0.732,-1.164,0.523,1.063,-0.077,1.386,-0.623,-0.606,0.884
One,0.823,0.795,-0.601,-0.115,0.699,2.52,-0.327,-0.512,-0.021,-0.869
One,0.138,0.565,-0.106,0.445,1.157,-0.342,-1.919,-0.015,0.611,-1.106
One,-1.002,0.952,-1.429,-0.774,-0.009,0.574,0.929,-2.754,-2.55,-0.587
One,-1.49,0.944,-0.949,-0.311,0.434,0.149,0.405,0.275,-1.57,1.249
One,0.733,-2.005,0.764,-0.498,0.165,0.983,-1.72,-1.13,-1.595,0.661
Zero,0.956,2.146,0.121,-1.78,-0.864,-0.366,-0.901,0.021,0.163,2.081
Zero,0.811,-0.879,0.735,1.111,0.891,-0.628,-0.001,0.049,2.318,0.421
Zero,-0.582,-1.259,0.161,-0.35,0.201,0.25,0.43,0.742,-0.958,-1.405
One,-0.82,0.515,-0.961,-1.873,0.88,-0.269,-2.425,-0.807,1.086,2.707
One,1.45,0.583,-0.629,0.71,-0.091,-3.516,0.554,1.939,0.854,1.225
One,1.917,-1.047,-0.069,0.282,0.083,2.25,0.269,-0.761,-2.395,0.898
Zero,-0.843,-0.373,0.956,0.89,1.067,-0.584,0.804,0.605,0.757,0.208
Zero,-0.835,1.009,0.065,1.032,0.85,-0.072,-0.901,0.077,-2.418,-0.627
One,-0.639,0.688,0.419,0.076,-0.827,1.067,0.467,1.005,-0.931,0.258
Zero,0.472,-0.2,-0.673,0.652,0.608,0.257,-0.36,0.886,-0.689,-0.527
One,-0.553,0.084,-0.641,-0.372,0.897,1.386,1.097,-0.682,-0.474,-0.69
Zero,0.258,-0.073,0.862,0.327,-0.902,0.985,-0.564,-1.497,0.644,1.136
One,-0.216,-0.673,-0.901,-0.16,0.535,-1.025,1.546,-0.429,-0.196,0.826
Zero,0.125,0.121,-1.284,2.102,-0.339,-0.044,-0.495,-0.822,0.96,0.962
Zero,-1.528,0.529,0.289,-0.614,0.449,-0.108,0.507,0.374,-0.588,-0.592
Zero,0.702,-0.568,2.323,0.356,-0.865,0.951,0.553,-0.497,-0.216,-0.555
One,1.128,0.082,-0.683,1.106,-1.242,1.555,-0.715,0.68,0.628,1.196
Zero,0.928,-1.856,0.363,-0.427,-0.526,0.359,-0.242,-1.546,-0.926,0.724
One,-0.956,1.279,-0.641,-0.766,-0.499,1.197,-0.132,0.848,-0.669,0.919
Zero,0.168,0.653,-1.12,1.227,-1.515,-0.234,-1.191,0.008,-0.127,0.749
One,-1.05,-0.825,-2.293,1.153,0.527,1.003,-1.292,1.275,-1.128,0.329
One,-0.266,0.159,0.248,-2.4,-1.285,-2.715,-1.767,-1.534,2.34,0.061
One,0.184,-1.395,-0.425,1.88,0.367,2.52,1.126,0.595,-1.565,0.688
Zero,-1.429,-0.598,1.235,-0.515,1.881,0.162,-0.453,0.975,0.748,-0.03
One,0.946,-1.463,0.056,-1.224,-1.39,1.512,1.08,1.419,-0.531,0.345
Zero,-0.854,0.54,0.777,1.489,0.643,-0.369,0.322,-1.142,0.047,0.498
One,0.24,-0.08,-0.599,-1.254,-0.764,1.242,0.495,-1.931,-0.417,-0.331
Zero,0.385,1.488,-0.412,0.228,2.12,-1.054,0.914,0.279,-0.067,0.617
One,-1.981,-1.009,-0.112,0.94,0.09,-1.055,-1.772,1.969,-1.176,0.359
Zero,-2.503,1.812,0.136,-0.112,0.344,-0.063,0.842,0.665,0.271,-0.189
Zero,0.543,-0.538,0.063,-0.191,1.272,1.175,-0.033,-0.101,-1.25,0.089
One,1.109,0.667,-0.384,-1.126,0.699,2.297,0.281,-0.309,-0.722,0.206
One,-0.968,-0.574,0.322,0.84,1.624,1.724,-0.233,0.486,-0.807,1.071
Zero,0.154,-0.357,0.409,0.695,-0.858,0.584,0.357,0.665,-0.39,-0.997
Zero,1.049,-0.847,-0.089,-0.453,-0.095,1.036,0.166,-0.852,-1.119,-0.152
One,-1.3,-0.681,-1.005,0.541,-0.235,0.074,-1.111,1.198,-0.485,2.185
Zero,-0.879,0.513,0.192,-1.235,0.604,-0.271,0.846,0.862,0.449,0.113
One,-0.583,-0.36,0.7,1.749,0.428,0.928,0.593,-2.09,3.026,1.588
One,0.946,0.579,-0.209,0.86,0.347,1.082,-1.486,-0.765,1.105,0.719
Zero,0.723,1.649,-0.837,0.409,2.339,0.846,-0.37,0.767,0.148,0.381
Zero,-0.189,0.975,-0.758,2.618,-1.307,-0.394,-0.318,0.13,0.176,0.217
Zero,-0.229,-0.106,-0.936,1.075,-0.686,-0.739,0.316,0.357,-0.864,-1.705
Zero,0.817,-1.655,0.726,0.825,1.66,-1.26,0.64,-0.171,0.483,-0.836
One,0.024,-1.463,0.458,-0.687,0.27,-2.861,0.367,0.921,1.947,-1.648
Zero,2.016,0.422,-0.158,-2.454,0.708,-0.742,0.127,0.052,-1.232,1.037
Zero,-1.043,1.03,-0.252,0.096,1.522,0.161,-1.199,1.783,-1.484,0.648
Zero,-0.77,0.028,1.263,-0.673,-2.327,-0.438,0.806,0.009,1.238,0.696
Zero,-0.063,1.112,-0.96,-0.464,1.424,0.153,-0.43,-0.346,0.728,-1.074
One,0.257,-0.833,-0.357,0.323,1.472,-1.839,-0.09,0.506,-1.319,1.48
One,-0.362,-0.383,-1.031,-1.995,-0.204,0.803,1.873,0.537,0.904,0.052
One,1.389,0.23,-0.14,2.626,-0.569,1.253,-0.043,1.313,-0.055,1.339
Zero,0.008,1.182,-0.035,0.734,-0.925,-0.248,-0.714,0.556,-0.925,-0.442
One,0.148,-0.853,0.427,0.042,-1.189,0.149,-2.312,-1.409,-0.9,-0.592
Zero,-1.216,-0.22,-0.823,-0.627,-2.373,-0.406,-0.592,-0.075,-1.115,1.017
Zero,0.243,-1.291,1.645,1.083,-1.087,0.117,0.403,-0.416,-0.164,0.748
Zero,-2.468,-0.05,1.899,0.554,0.107,0.473,0.194,0.399,4.211,0.808
One,-0.35,0.767,-0.569,0.81,1.869,1.264,1.848,-1.037,1.332,-0.533
Zero,1.575,-0.026,0.7,-0.774,0.644,1.327,0.044,0.991,-1.447,0.243
One,-1.753,0.4,-0.01,-2.078,-0.716,1.175,-1.957,0.304,-0.427,1.398
Zero,0.028,-0.233,-0.716,-0.673,-0.907,-1.347,1.076,-1.491,-0.879,-0.354
Zero,-0.345,0.277,0.028,-1.171,0.132,-0.506,-0.427,0.527,-0.264,-1.555
Zero,-0.997,-0.574,-0.236,-1.529,-0.429,0.435,1.093,0.788,-0.996,1.27
Zero,-0.649,0.403,1.338,0.017,-0.098,0.196,0.264,-0.381,-0.155,0.859
Zero,0.973,0.661,-0.708,0.73,-0.543,-0.135,0.387,0.221,-1.033,-0.723
Zero,1.43,-0.626,1.375,-0.536,0.044,-0.316,1.87,-0.68,0.234,0.092
One,-0.285,1.876,0.922,0.342,-0.672,-0.088,-0.595,1.396,1.62,0.973
Zero,0.16,-0.286,-0.172,0.515,0.389,0.951,-0.556,-0.801,-0.177,-2.694
Zero,-0.161,1.002,0.684,0.564,0.023,-0.155,0.879,-0.79,-0.477,-0.947
Zero,-0.152,0.372,-0.421,2.384,-1.049,0.862,-1.08,0.153,-0.165,-0.681
One,-1.422,1.288,-0.187,0.483,-0.425,-2.657,-0.95,0.837,0.153,-0.209
Zero,-0.179,-1.471,1.379,-0.159,1.015,-1.606,-0.433,-0.037,0.238,0.427
Zero,0.622,-0.074,0.393,0.554,1.386,0.255,-0.202,-0.991,1.379,-1.668
One,-1.448,1.934,0.094,0.645,0.531,2.613,0.746,-1.412,-0.555,-1.401
Zero,-0.206,-0.05,-0.103,1.336,-0.203,-0.681,0.351,-2.302,0.183,-0.091
Zero,-0.335,0.838,1.867,1.037,-1.713,-1.071,0.341,1.011,0.07,-0.313
One,0.611,-0.794,-0.826,-1.764,1.993,1.896,0.778,-0.3,-1.149,-0.78
Zero,1.994,0.51,0.526,-1.328,0.24,-1.192,0.061,0.605,-0.421,2.217
One,0.807,-1.77,0.226,0.747,0.152,3.536,0.728,-1.066,0.707,1.197
One,0.938,-0.468,0.97,-0.736,-1.31,0.178,0.881,1.253,0.021,-0.5
Zero,2.16,0.715,0.206,0.072,0.954,0.211,0.146,0.467,-0.57,1.125
Zero,0.097,-1.671,-0.86,1.798,0.123,0.878,0.375,-0.049,-1.25,-0.407
One,0.719,-0.145,-0.692,-0.548,-0.647,0.586,-2.687,0.022,0.538,0.328
Zero,-1.638,-1.198,-0.921,0.514,-1.798,0.13,1.465,0.668,-0.095,0.111
Zero,-0.701,0.059,-0.212,0.064,0.234,0.257,-1.106,-1.252,0.713,-0.581
Zero,-0.912,-0.052,-1.128,-0.656,0.626,-0.64,-0.188,-0.016,0.805,1.241
Zero,-1.233,-0.508,0.524,-0.687,2.098,0.415,0.514,0.808,1.173,0.071
One,-1.308,-0.268,2.017,0.216,1.865,-0.74,-1.289,-1.77,0.261,-0.103
Zero,-0.443,-1.483,-0.509,0.476,-0.491,0.434,-0.852,0.714,0.502,2.055
One,-0.937,0.114,-0.9,-1.739,-1.561,0.172,1.321,-0.999,0.509,2.197
One,-1.584,1.394,-0.743,-1.497,-0.34,0.458,-0.508,0.742,-1.194,-0.437
Zero,-1.19,0.301,-1.048,0.049,0.336,-0.733,0.081,0.422,1.745,-0.543
Zero,0.515,-0.714,0.575,-0.571,0.335,-0.382,-0.48,-0.978,0.234,0.042
One,-0.207,-0.657,0.613,0.079,0.903,-1.613,0.416,-0.904,-0.036,0.17
Zero,-0.562,0.678,-0.595,-0.036,0.215,-0.981,0.181,-0.817,-0.152,0.312
Zero,-0.232,-1.88,0.466,0.218,-1.114,-0.171,-1.335,0.906,-1.656,0.307
One,-1.509,1.127,0.458,-1.756,0.707,-1.988,1.239,0.761,1.234,0.107
Zero,-0.823,0.808,0.388,0.843,0.998,-1.12,0.634,-1.048,-1.68,-0.596
One,1.499,0.193,-0.998,-1.605,0.558,-0.389,0.101,-2.2,-0.27,0.668
Zero,0.185,-0.422,-1.431,-0.358,0.606,-1.282,-0.559,-0.81,1.639,-0.612
One,-1.359,1.552,-0.563,0.35,-0.503,0.168,-1.179,1.323,0.019,-2.091
One,-0.992,0.126,0.931,-0.987,-0.742,1.425,-1.192,0.627,0.403,-0.808
Zero,-0.11,-0.078,-0.685,1.594,0.161,0.799,-1.221,0.26,-0.252,0.394
Zero,1.269,1.57,-0.682,0.317,0.117,0.439,-0.284,-0.072,0.026,-0.358
Zero,1.622,1.534,-1.071,-0.553,0.896,-1.405,0.795,0.639,-1.108,-0.735
One,-0.63,-0.974,-1.403,-0.633,-0.552,-1.155,-2.058,1.171,0.064,1.864
One,1.272,0.536,-0.908,-0.006,0.082,0.121,1.731,-0.419,-0.975,-0.751
Zero,0.872,0.438,-0.363,-0.388,-0.173,1.543,0.392,-0.534,-1.905,0.056
One,1.572,-0.775,-2.05,1.14,-0.403,1.575,0.845,1.445,3.317,0.607
One,-2.119,-0.322,-0.28,-1.361,1.203,1.356,-0.295,-0.383,0.7,-0.833
One,0.38,1.089,-1.219,0.35,1.072,0.294,-0.45,1.04,-2.382,-0.85
Zero,-0.882,-0.598,-1.064,-0.154,-0.252,0.088,1.409,-0.188,1.113,-0.282
Zero,-1.142,-0.494,-0.797,2.272,0.557,0.855,0.546,0.879,2.67,-0.023
One,-0.413,0.082,1.582,2.024,0.479,1.674,0.374,1.559,-1.518,-0.136
One,0.724,0.285,-1.409,0.464,1.7,3.1,0.382,-1.442,-0.212,0.378
One,-0.36,1.165,1.065,-1.328,1.631,1.379,-0.586,0.788,0.138,-0.505
One,-2.357,0.95,0.057,0.143,0.353,1.241,-0.796,-1.73,0.008,-0.051
Zero,0.192,0.865,1.826,-0.794,-0.634,-0.224,1.665,0.816,-1.975,-0.102
Zero,0.496,0.668,-0.108,-0.233,0.178,-0.069,0.158,-1.173,0.711,3.067
Zero,-0.102,-0.102,-1.802,-1.114,-0.039,-0.507,-0.479,-0.085,0.671,1.015
Zero,-0.814,-0.453,0.318,-0.132,-0.035,1.06,-0.295,-0.272,-1.604,-1.689
Zero,0.483,-1.616,-1.282,1.036,2.168,-0.573,-0.51,-1.051,0.386,-1.003
Zero,0.25,-0.773,1.824,-0.95,0.973,-0.29,-0.624,0.621,-0.309,-2.582
Zero,0.064,-1.509,2.317,-1.905,0.379,-0.052,0.204,-0.958,0.214,1.676
Zero,0.695,-0.209,0.057,-0.523,-0.691,-0.594,0.204,-1.584,-0.93,0.647
Zero,0.721,0.006,0.686,-1.384,0.524,0.293,0.106,-0.154,-0.691,-1.694
One,-0.304,-0.188,-0.334,-2.049,-0.467,1.159,-2.228,0.191,0.35,0.272
Zero,1.135,-0.428,0.311,0.201,-0.313,0.57,-1.583,0.89,-0.682,-0.97
One,1.212,0.42,-1.873,-1.672,-0.805,1.906,0.917,-2.933,2.602,-1.685
Zero,-0.324,0.124,-1.221,-0.259,-0.223,-0.994,1.163,1.112,-0.418,0.408
One,-0.408,1.004,0.119,-0.416,-1.075,-0.091,1.674,0.463,0.764,0.129
One,0.053,-0.032,0.219,0.501,-2.6,-0.965,0.372,-0.938,0.328,1.254
One,-0.132,0.488,-0.152,-0.812,1.012,-1.445,-1.034,0.026,-0.001,-2.189
One,-0.023,0.67,-2.015,0.64,-0.802,1.99,-0.107,1.244,-0.1,-0.77
Zero,-0.055,0.948,0.995,-1.12,0.108,-0.058,-2.469,-0.194,-0.122,0.971
Zero,-1.013,0.016,-1.068,-1.138,-1.123,-1.069,-0.355,-0.137,0.166,-0.494
Zero,0.038,-0.066,0.377,-0.131,1.113,1.028,1.186,0.249,-0.704,-0.933
One,-0.118,0.548,0.014,-0.306,0.081,-0.547,0.314,0.21,-0.183,-1.159
Zero,-2.475,0.701,-0.255,-0.227,-1.361,0.966,-0.428,0.277,0.136,-0.133
Zero,2.054,0.635,0.594,0.488,-0.883,-0.701,-1.101,-0.755,0.298,1.875
Zero,-0.907,-0.546,0.441,-0.899,0.205,-0.178,-0.994,-0.562,-0.603,0.543
One,-0.733,-0.613,0.673,0.158,0.544,0.361,0.588,-2.176,-0.259,-1.758
One,1.075,-0.672,0.377,-0.098,0.913,0.509,1.433,-1.083,1.204,-0.194
One,1.941,-0.418,0.205,-0.116,0.83,-0.293,-2.949,0.175,-0.698,0.973
Zero,-0.204,-0.894,-0.333,0.894,0.629,0.826,-0.163,-0.7,1.406,0.082
Zero,0.677,1.961,-0.853,-0.761,0.708,0.77,0.593,-0.059,-0.762,-0.098
One,-0.92,1.772,-0.504,2.7,0.01,-0.35,0.818,1.41,-0.696,0.082
Zero,0.243,1.362,1.316,0.407,1.131,-0.444,-0.471,1.272,-0.038,-0.15
One,0.812,-0.24,-2.626,1.557,-1.251,-0.544,0.764,2.909,-0.288,1.003
One,-0.239,1.21,-0.05,1.294,-1.4,0.571,1.84,-1.234,-0.877,1.523
One,-1.123,-0.447,-0.932,0.391,-0.284,-0.575,1.691,1.111,-0.999,-0.844
One,-0.888,-1.117,1.21,0.916,1.287,0.855,0.597,-1.352,0.593,-0.393
Zero,-0.343,0.608,1.632,1.597,-0.543,-0.673,0.064,0.531,1.04,0.227
One,0.31,0.605,-0.97,2.557,-1.428,-0.741,0.209,1.499,-0.145,-1.723
One,0.49,0.392,1.769,0.659,-0.521,-1.158,2.631,1.409,-0.257,0.228
One,1.39,-0.676,0.544,-1.799,1.667,2.386,0.841,-0.464,1.213,-1.753
Zero,0.045,-2.204,-0.774,-0.142,0.825,-1.276,0.14,-1.453,-1.213,-1.599
One,-0.55,-1.791,-0.526,0.519,-0.27,-0.964,0.164,1.007,0.329,0.272
Zero,-0.376,-0.932,-1.065,1.337,0.579,-0.327,1.549,0.063,-0.53,0.375
Zero,1.736,-0.867,-0.428,0.204,0.963,-0.155,0.692,-1.038,-0.782,-1.834
One,-0.536,3.205,-0.491,-1.559,-3.195,-0.582,0.922,-1.208,-2.336,0.639
One,-0.561,-0.225,-0.262,-0.164,-0.941,1.146,-0.044,-1.405,-0.882,0.098
Zero,-0.971,0.064,-0.668,-0.308,-0.163,-0.736,-0.675,-0.879,-1.354,0.78
Zero,0.529,-0.351,-0.972,1.314,0.943,-0.26,-1.045,0.324,-0.172,1.037
One,-2.007,0.185,-1.206,1.003,-0.004,-0.685,-1.741,0.551,-1.103,0.485
One,-0.034,0.703,1.681,2.106,1.441,1.182,-0.7,-0.03,0.987,-1.677
Zero,-0.388,0.276,-1.07,-0.483,0.189,-0.652,0.25,-1.07,2.184,-0.141
One,2.453,-1.767,0.728,-0.007,0.588,1.692,1.179,-1.544,-0.746,-0.619
One,0.176,0.13,1.151,-0.186,-0.363,-0.126,-1.324,-0.867,0.794,-0.645
Zero,-0.335,-1.919,0.126,-2.005,0.726,-0.798,-0.285,0.513,-1.448,0.333
Zero,-0.115,0.766,0.493,1.551,-1.41,0.009,0.033,0.303,1.744,-0.261
Zero,0.383,-1.99,-0.817,3.324,1.532,-1.433,-1.345,0.396,-1.004,1.396
Zero,0.977,0.178,-0.968,0.448,0.606,0.392,-0.119,0.279,-0.591,-0.324
One,0.04,1.423,-2.513,-1.534,-0.168,1.259,-0.284,1.682,0.003,0.63
Zero,-0.53,0.804,1.065,1.359,-1.372,-0.175,-0.253,-0.017,-1.238,-1.889
One,0.942,-0.238,0.205,-0.785,-0.756,0.581,-0.301,0.727,1.559,-1.676
Zero,0.448,1.42,0.263,-0.469,0.596,-1.313,0.536,0.578,-1.934,1.493
One,0.038,0.509,0.342,0.273,-0.122,-1.485,-1.985,2.562,-0.292,-1.301
One,-0.158,0.767,-1.557,-1.802,-1.102,-1.217,-1.345,-1.022,-1.015,0.734
Zero,0.676,0.554,0.388,-0.064,-0.419,1.397,-0.047,0.273,-0.489,0.947
Zero,-2.056,-0.302,-0.221,-0.723,-0.117,-0.977,1.102,-0.219,-0.724,-0.444
One,-0.508,0.75,0.573,-1.302,2.232,-1.055,-1.048,-0.815,0.505,-1.258
One,1.446,-0.758,-0.518,-1.002,0.01,0.768,1.0,-1.302,-1.237,-0.453
Zero,-0.034,-1.813,1.075,-1.549,0.233,0.737,-0.413,0.758,-1.242,1.627
One,1.358,0.462,-0.772,-1.323,-0.824,0.604,-0.146,2.001,0.797,0.373
Zero,-1.045,1.901,0.622,-2.088,-0.398,1.061,-0.762,0.017,0.177,0.191
Zero,-0.173,1.651,-1.111,-0.894,0.043,1.183,-0.414,-0.62,-0.784,-1.27
One,2.088,-0.402,0.426,1.545,-0.124,1.178,-0.919,-1.393,-0.16,-0.518
Zero,-0.047,-1.441,-0.395,0.107,-1.157,1.278,-0.609,1.87,-0.865,-0.316
Zero,-0.731,-1.073,2.146,-0.436,-1.192,-0.969,0.841,-0.432,0.494,0.73
Zero,-1.124,0.401,0.711,1.395,0.47,-0.019,0.138,0.055,1.173,0.366
One,-0.044,0.944,-0.576,-0.097,-0.919,-0.853,-1.367,-0.948,-0.793,-1.092
One,-0.252,0.283,0.451,0.049,-0.498,-2.58,-0.95,0.398,1.143,-0.709
Zero,-0.144,-1.885,0.952,0.817,-0.812,0.771,-0.651,-1.065,-0.234,0.713
One,0.042,-0.515,0.386,1.248,-1.168,-0.363,2.177,0.925,-0.892,-0.134
One,1.037,-0.022,-0.489,0.56,1.093,-1.806,-1.578,0.758,-0.112,1.627
