"V1","V2","V3","V4","V5","V6","V7","V8","V9","V10","V11","V12","V13","V14","V15","V16","V17","V18","V19","V20","V21","V22","V23","V24","V25","V26","V27","V28","V29","V30","V31","V32","V33","V34","V35","V36","V37","V38","V39","V40","V41","V42","V43","V44","V45","V46","V47","V48","V49","V50"
1.44841669231409,2.19443374054543,0.253483548263232,3.27167410852949,1.78432615329536,1.3141523137075,2.34971557151209,1.91204736745031,2.22656357387938,3.38843907494461,4.32505849371513,3.53282057567079,4.30543834214107,1.94412707099494,2.94192421733092,2.02660584585172,1.96747286289489,1.74239515757232,2.68880775234206,1.68261813529187,1.39193982505531,2.42219324030954,3.29469235648569,2.08354397165211,1.84479222322324,2.63081841009177,1.75151706681007,4.04527586946239,0.438734213842959,3.92045256677252,4.02914071931376,2.60877788087294,0.696178846355128,3.05307041549867,2.33491258537547,2.30943982833482,1.72417380068337,0.174672042890055,2.99537923217354,3.30997822575155,0.903843758441143,1.82598176557301,-1.00092923773151,2.84922401111425,1.95930152484879,2.57174111857418,4.20096537559849,2.58099649768168,3.32192526520395,1.5695308683938
2.61182056997548,2.88085544937998,1.03660612043192,3.44915842741343,3.06297852007115,1.42963234774588,1.99681677168664,0.843127617445133,2.42164357975321,2.15510674081402,2.52412218115109,3.71966575601978,4.79532387144079,0.0537392022917116,1.75138596272044,2.1801747247468,3.55734600412276,0.125707324214227,2.72508301767486,2.17900396654042,1.05021620395801,1.66387660066617,3.39274126542073,1.74817655757443,0.958028475678438,1.56729481671543,2.42232038583239,4.87732956629967,2.3247706605947,1.79346093078408,3.91477486771961,2.50883591438592,1.74908553495754,2.44297637415534,0.130728236124558,2.72356891454615,0.167447174235788,2.14547045222799,3.76024216766205,2.47039339987394,2.0490504509376,2.51566772864803,1.33377719743357,1.55099286986083,0.44845517765241,2.3863283935505,4.04475108716773,2.76817873783459,2.21616105911962,1.74273061723107
4.76414812218013,3.16321623413879,1.32330962420305,4.82762765843039,2.62034652658024,2.57963138154616,2.46488608712552,-1.03337570844709,2.0048379437241,3.73799036787109,2.97073341640859,3.56009338575518,1.83216477252655,0.751711550761104,2.09647885970648,4.36291896902543,2.74441857690048,-1.08281376630328,2.21738021093909,2.34802818772918,2.65930008176902,-0.0736551556953104,1.99915628699918,3.5949277184055,-0.105575905700028,2.45213864421852,2.98765329363967,3.00260619595717,1.84320968304776,2.39611883083673,2.99754373332044,2.71635254754795,2.17100737371791,3.43839703617272,1.0554869546651,1.89058124010056,1.73252848676841,1.03157318755324,3.03899091287256,0.757329729425398,0.80150414344222,1.76563472269408,2.17132512735879,3.64300870004198,3.16716954923568,0.975322154580892,1.99679135316015,2.46376758854017,4.57572751979198,0.23683691480522
2.58347227243628,3.40647950776292,1.37967603240159,1.88797628911619,2.673066651879,1.10104099474789,2.88958543322321,-0.299665823078575,2.61898391509652,1.92023966871614,2.37697339715261,2.98191306834003,1.84771237501798,-0.328436468539077,1.56606905869826,3.96137093053128,1.88660824285333,1.09376790281022,1.79834326838162,0.94572097872556,3.17472552733132,0.30309822533326,2.67427288017657,1.76718933481017,1.56377565233087,2.36799904519635,2.83556817203502,2.91933006529083,2.87778386073435,3.37023528462206,3.13600955241373,3.31479480470784,1.59653252125249,3.15260815864242,1.04906691319192,3.13386931642945,0.128073130002787,0.16479419469328,3.73507214161444,3.38157545638553,2.19001899855975,1.34149657417823,3.0595392422993,3.48319386381477,1.72635429862592,1.77525204964001,4.84848190167275,1.11422370259032,3.64289930571732,2.46009735483127
1.83366131121061,3.63933999564431,1.87655649579536,4.47480743158371,4.63370956294833,1.80967011208722,3.60043016931357,0.142749340070965,2.43113394448593,1.97352612375637,1.00406660345784,-0.371739082550514,2.08554453065435,1.84476374209892,4.17866786745157,2.11627552559889,3.4211974396148,0.998180187997204,0.634310139411317,1.8952557118893,0.722222439222771,0.253869543065439,1.99165119457116,3.24436441490614,2.30336475581967,1.72961251033809,1.33947814095429,3.96298228123987,2.75016657518064,1.09899935332039,2.27984645505688,3.39632657793899,2.10465944083573,2.83538241825044,0.421644271639103,4.78533905173155,0.546602488770207,0.931236350983487,2.85352737300113,3.20445893700982,3.29770589960467,3.25023660407872,-0.376861598240521,2.99364437357861,1.53215467532775,3.17951644111794,2.33322659124218,0.900219101352144,3.08976064659961,1.36000512403988
3.04189456618511,1.49148236262765,1.93338798756964,3.67151246014439,2.16611439867297,1.85609662265354,3.41584505959868,1.42626529453619,2.55831237018722,3.28879336157888,1.40251708695195,3.76070324475976,3.52872803253363,1.34769673243865,-0.958779619130124,2.09990788456368,2.67704968815363,0.986899347628426,1.69106239132284,1.77165738290547,3.29052448094708,1.14157287213222,2.36456851796623,3.00277218534359,-0.500220937794657,2.46551261771298,3.56406949329184,3.05357101654652,2.30105340384283,1.19559005503676,2.80187566994878,2.77439628896404,1.68111921326599,5.01989062147597,0.00126134400399569,5.42216335525159,2.18753427862908,1.74677168701247,2.94211266461872,2.82407396368188,0.966126277035249,1.7282362848886,-0.150855565627106,3.15145589286242,0.761747672013786,3.56762059442354,3.10551381245607,3.51270700980493,3.27655074729146,2.45545012324122
4.24648913025954,3.00767060439703,-1.42880752268242,1.45467145628557,3.90517553753426,1.90342734871244,2.89424935332301,0.715163736915246,2.49596128067201,3.09081131928717,2.16525142308015,2.60877314775679,3.83507892704858,1.91376258643111,2.08088823919911,4.72333313279683,3.88017990119152,1.6679680745581,1.54709711346277,2.67535556242754,3.42230635747361,0.996052779269347,1.79015931201266,1.67179031397444,0.393010764880964,2.57435622562697,0.377024064708453,2.56510159108996,3.49281111722931,1.87817739364478,1.97079119395173,1.07504956965944,3.61834393588343,2.47061411368274,0.997567219993398,1.92317109788159,0.709854688209921,0.574481265605396,3.48236946610453,0.337370597814405,1.26155924578694,2.9479519958752,0.294178605239879,2.4158910296502,1.99223796622267,2.50712264644653,2.57774411813114,2.25792143753203,3.67928881605527,2.70483733722882
1.42202869579165,3.52416802200039,2.72799402342117,2.72295277200889,2.25371840131308,2.18144671572236,2.14343746175388,0.385631458030138,3.66188574094578,3.26262317671122,-0.928477178577567,4.00990122381185,4.20913697409153,1.60827455338068,2.11013780461722,4.90904216212893,2.8051363932241,0.986832297047837,2.66322914451979,0.766755306493691,4.29473736320671,1.36793750109177,1.88353619934731,4.17969641183277,0.707754934343423,1.76930000984259,2.86389637347899,1.26270274465769,0.4745061998303,2.65207039344086,2.03304410414738,1.56077070167802,2.71418860148862,2.52921302701596,1.65551188281297,3.4859411104031,1.82854614496544,0.227917764806543,3.99294363677573,1.43069365639452,2.04656393945086,0.798417569891062,-0.0540557820771916,3.36880673263024,1.19971782204834,3.00006288406535,2.87764982804503,2.08844022915959,3.08983288657908,3.03510352196992
2.7461795282109,4.32633587157079,1.45600264627721,2.37065700802802,0.540978032745703,3.59657420918631,4.12732733432216,0.155109167842517,0.944965387795497,3.06933491279125,1.15208577342145,2.37302685292625,4.29947254536082,0.392452012195513,2.21344832631265,2.22285880414474,4.18805498210378,1.7760470304763,3.3086295367487,0.800038455577221,3.16471401857395,0.342657085302753,3.62988116257594,2.40719500085107,-0.289683343323603,3.17224250830245,1.4883972265638,1.73630440021757,2.91071755848602,4.23890214863198,1.77918691108091,1.5303422260276,4.96586536983324,1.45406307598248,2.47684227897655,4.38852173874429,0.708772291220831,1.15276410674789,1.75360450196796,2.63551381728953,0.982403880173894,1.5338839036245,0.354256276857509,3.29465433971952,1.46650767004956,4.12288964337997,3.1881930345015,1.87910346246091,0.00690991684706521,1.39107362459279
3.46783054205061,2.88643226556744,0.429639654254348,2.06699954838025,-0.227248241280353,1.54866826010654,3.91628162144845,1.15369495721887,3.50832468678,2.47135618114318,2.79858451222345,1.36542263049814,4.07573230420989,1.17965807087184,0.442180387367678,1.69769473738689,2.49023548823205,-1.01073533263526,2.5010403098945,2.76586657661611,3.20495384080024,0.623653329838948,2.72747842982137,4.19997831633667,1.6941058487747,3.39270270673312,0.0826349745545985,3.40630851206927,0.420467972142461,2.72580243514772,3.83620770394484,3.76186344689193,1.20492239544079,2.95947327670482,-0.909152788279214,2.80434318271546,-0.576362404747906,1.9885968451788,2.96651247515439,2.04372200757786,1.61671604011372,1.73064860484682,0.814622032323497,2.72074062665742,3.28767524558459,4.43985574297619,3.11916095799701,0.805671104839472,3.28488295353066,2.50495512329797
4.97752999445585,4.59914947839686,-0.114624402177969,1.46211351577174,2.64968355116773,1.20511977519918,2.27562040727564,0.148567724221812,1.66579134334493,2.86979783548123,1.70154401203478,4.24524265203048,3.9398010235143,-0.908409419417377,2.21621154625776,5.62349516681868,3.21954801087329,-0.128180494971801,0.871711464802633,1.41190213871702,3.60460362672581,1.74136006042508,2.74115883162133,2.52496632038787,0.400818097102881,1.33800874429042,0.134186151380052,1.54034603222024,2.58771625711858,3.16238071555819,4.1149717984954,2.75638501812872,2.81436591467991,3.89035630547068,0.297560526687591,2.78182520229379,0.151184303051078,0.926541665327826,2.92903781875,2.34801230366131,2.8727554116714,1.60903459186914,-0.201222050739985,1.66376334510685,1.82447412975787,1.90288623159418,2.9749074491326,2.61199689804039,2.63276535725902,0.282991320926657
2.38439420515638,2.71847190107182,1.90506426556389,2.50589795040005,1.00075013523144,2.79228434965229,3.68677908757474,0.602078927057115,1.93501925618156,4.62015874435582,1.71638862305463,3.1813774465554,3.16337469340677,1.5029462576891,2.18766381702644,3.22962891434681,3.37029442136456,1.34879957158572,3.67099730539817,1.33970417002442,2.98085923083107,0.90039324355153,4.72955817989149,2.42494290384918,2.25690664397164,1.22263079327499,2.24517906343969,4.0484573701547,2.08964229600072,2.93539309024694,2.58705514707291,3.26967660741801,4.09803081013037,0.928612149070786,0.688569781988081,2.69522204545355,-0.0885198619571952,-0.387026553559742,2.24107934626905,4.45959354887041,2.96954501397012,3.34870701199171,3.03697216698315,3.70074881844003,0.928217615849324,2.88268043974982,3.10807272794203,1.78286015425348,3.18523056486561,1.2155409916205
4.51942160121109,2.95010186108949,1.32809601548413,2.5646399847298,2.04197238367631,2.38047229976103,3.45008579164461,0.0600227737190471,2.0810815387134,2.98210487667653,2.86951930664876,6.4953042639856,2.11186144135961,1.9688991534785,3.2586221252136,3.18674989214189,3.27910839373061,0.647101517903076,3.01035303245212,2.11301352219734,2.92028565262119,0.345710121392905,2.94160783459263,2.9687739753915,1.05350801362736,2.51353857890878,4.22353430190807,1.6535694605498,2.96726165694984,2.29476290297486,1.87102260199317,1.44107247904418,2.30098005515257,2.74993487992698,-0.663157030667376,3.59783272411144,0.515709428882827,-0.306675904375363,1.96564063906085,1.18161967560033,2.38384666502709,1.97723529870159,1.10777474488555,3.55419662227403,2.16320688246738,4.2014984009197,2.51456476415333,1.81724329366808,3.58182372736551,1.14909240582348
2.56710480643819,3.16021412732112,2.07808996004782,2.67645532371977,3.77704370004004,2.23578798299245,4.04522160610504,-0.388253741419418,1.55178520446116,1.68151060105071,1.45564471530102,3.91559191332691,2.27383901724365,0.124262874226673,2.52351778090896,3.07613663495028,3.20194243731332,1.94477459791762,2.22352121587446,1.67960120031396,3.1159844644028,1.97116437406127,2.46293621539108,2.64194300402154,1.72809251767185,1.08668776195873,2.27337606414447,2.80642944188651,2.07881235291482,4.36219726875099,2.91206866822295,2.46441199330369,0.916924858160769,1.81834957334668,0.24946655820771,4.39742941081576,0.663688790990427,0.231604674922061,2.36926804602918,-0.113200114929136,0.148444336932535,2.24422585110345,0.915891899494419,2.16369340719858,1.63726158437205,2.5302704194337,2.4957828693121,2.93334632857116,4.39973682729268,-0.414207649946632
1.96898229193829,2.49761943759467,0.939684446297499,0.938886381083815,2.34718267733721,2.59098826352041,3.14962903443744,1.9551845888634,-0.553806950265966,2.15543983941872,2.6288032353776,4.04850651742624,3.40759700561374,-1.13602453869801,3.11545427747996,4.40486018632133,2.98700345756866,-0.00471985252646379,-0.206484593209622,3.86638149693879,3.74417336404839,1.01349631156839,3.74728669616574,2.64339892235227,2.56109806821061,1.5505761947497,3.13078479452828,2.99766404288632,0.43130016351391,1.90348681191668,5.24190369331262,3.5624519731735,0.993677498196715,4.44193726501691,0.222648240818492,3.68761976123996,0.846642109338356,0.472891874625542,3.586807720013,2.27369527243041,1.94600326317383,1.05762829213608,1.49561964160459,1.40541183799376,2.59001354798734,2.947530515061,1.33890092008519,2.82177311050825,2.27270794052553,2.03612260689226
1.86566550167729,3.71593804877619,0.756481238036875,3.44150255509554,1.71290255385021,0.588069797921111,1.85893284679931,-0.317495470032382,1.68706746488099,1.89818512750889,0.577665542054609,3.76382493693486,4.68353633925179,-0.522827581585013,1.04249775782953,2.80827776466368,2.90913499392251,1.72390273249685,1.04541438144684,2.2595314557678,2.56870939647231,0.083465332978455,2.51274216461027,2.12233561656627,1.26562475359719,2.80293269910362,2.8386693740601,2.98717026613281,-0.0078231840160905,2.77156648145311,5.04131317075049,2.82167387658008,1.96458543508239,4.35789553887886,0.277430300140398,3.32018801429697,0.756752771425154,0.978572934958375,2.58367734381635,1.31240315875659,3.06477321433828,1.27078272349043,1.03741518611797,3.20495858058763,3.43242192773099,2.91389270176291,2.61766627312618,3.39211637593427,4.30254263204414,2.20599860020025
2.77890187462247,1.65421269683679,3.24142256068828,3.74635124656637,0.0754233478908886,3.06329579229112,3.80249940241966,1.07302914615962,2.0413831520403,2.0999098569925,0.772487366665717,2.3966126231406,4.70597982356461,-0.113118207886071,1.87559442014457,4.45939216415609,4.36503136531884,0.331167259009636,1.93142693278976,2.16156007091807,2.50047104808877,2.70968856126164,4.3729077814795,1.78710287482204,2.07672625920727,1.4265231490189,1.34538472212179,3.1519473219844,2.54097352423876,2.65217191938973,1.28019966327855,2.88486401379735,3.30912436085341,3.33450284734065,-1.18883459914707,2.69813007422274,2.89220204160011,1.67049807099628,2.21511219049468,2.44604105296187,2.8131950374116,2.99806890855485,0.86791196304409,2.65491202202711,1.00730748889051,2.11232098209357,2.4873497421222,1.52382607694533,3.33584811975207,1.63894270145133
2.97758530109605,2.99435643469785,-1.03599297085583,3.78964287382469,1.19935089066009,2.45391787889759,2.27128346903055,0.43181415143163,0.262271938662381,1.73891608017752,0.325894484255568,2.62957033729722,1.07383329917392,2.2409838955359,2.19173782904997,2.77934454886546,3.90813056888317,-0.1130401937158,2.76130590156527,2.93107490933535,2.13483792324429,-0.168100989946655,2.62232763935378,3.61328661868703,1.21069793167925,0.0718748321516736,2.9539609784794,3.59851113140108,1.92662340189157,3.53212861950673,2.64309334387761,2.92793852789363,2.75040048664672,4.42933808040023,1.21341855028655,3.49834868555795,-0.38599833728542,0.565382961427593,3.1634163194861,1.1876152762094,1.80918352589572,3.25848166459556,2.4767874235521,3.25261170336445,2.45465029758028,2.55531599511526,5.7018910003448,2.65034856072631,4.03850609869762,2.75816323569952
2.67709817197603,2.45945745026047,1.39091446508284,3.77074050703954,1.42438202927338,2.95131297701979,3.52720928572848,-0.0584506687838313,2.54993965969838,0.374151097517095,2.08439848224488,4.05982593833365,2.16600198477154,1.00348193506299,2.27221725060335,3.50514588627314,2.39011182859809,0.657194810633055,0.82009580004171,1.94005325074038,2.04224271672813,-0.781036260152524,2.38384738588161,2.19379665853752,-0.511673525822368,2.66439083382215,2.35295146548932,2.87378756270172,1.42898160644192,4.60723456226119,4.53328049216229,4.2109098069263,-0.13836832761242,2.13268214912132,0.368077063745168,2.45046308208324,0.58517569929222,-0.113879783312847,1.76328576489065,4.21205548033514,-0.699929808563703,3.2488636888101,0.782969789907896,1.70599753451545,2.08489805867849,2.97055512091176,1.63788376881028,3.39111045639,3.92072856829065,1.27329517292342
4.05222315972554,2.45292625915032,1.38481334289965,3.20050631783037,2.68420573267036,1.40148228659848,4.67347877221231,1.25931353841707,1.40272630740668,3.66906574919057,1.7938743360296,4.05511052983939,4.41913251633319,-0.237794585993066,1.30618553632675,1.96650299392712,4.39643722121945,1.04977932316874,5.21119895676729,2.04873970007745,3.32679997133864,-1.25313244856822,1.83187494892531,1.6235430700911,1.02240225991363,0.397459776205747,2.20659929264961,2.75146443415322,1.68893154014636,3.51381452611659,2.96175590338976,2.3851030992003,1.29964589113337,3.95065172497189,2.52049119383216,2.72074349636276,1.34908152810683,1.6071059948785,4.04587377623667,1.87629402842257,2.06096663880112,0.61936295047467,-0.283602204092225,2.04082955561964,2.89556558226454,2.58613115094208,3.13725621855861,0.889211120552101,3.72087816286686,0.631718955580705
3.1895411656952,4.15144538704443,1.4386955995414,4.46835003167775,2.48345734761714,0.158059949653863,1.58117197972917,1.37313450451916,3.44774180603655,3.66004150923078,3.44187164028206,3.58297216112032,1.93589028498076,1.55569911889803,3.47917192085213,3.17047347145922,3.14479837330845,-0.227681961525536,-0.553824850950827,0.927124599266036,4.54737222568517,1.6511259695467,3.32864035859109,2.49215210083645,1.7181362060421,0.645399742546151,3.00111323431025,3.16032739490462,1.32858493289864,4.38237316057303,4.59741324232643,3.6761264583147,1.99094352470701,2.41498849136677,1.79595594941508,4.09651344311173,2.62844226581541,1.27545696873959,2.51540458378129,1.52266449396995,2.57375169748358,4.04996069363639,1.3856678904434,4.0857748536799,1.77022186105373,4.1133860233682,1.50637493268371,1.13920741312216,1.95688106143215,2.43281802588872
2.89417239113413,4.05221968194591,1.55814090204657,2.12354451605925,2.01396340870738,1.51541046685207,4.56191080116889,2.26466676928415,2.26486811426426,2.74939956460889,1.95821789661464,2.01343256446046,1.38642252751955,-1.1831493493599,1.38823297835723,4.20066816089193,2.3593932284047,0.235994089172552,1.76406605066593,-0.292971430480673,2.03114043113557,0.467167374397233,4.46651062744017,2.19906451326266,1.48945701784227,-1.0179326794179,2.74745199164028,2.56635805840273,1.84265954791902,3.7630970485499,2.66641460669012,3.89859960553755,0.541866512755232,3.32095752252563,-0.453529565132799,3.44201308817881,1.08852189571362,2.15734706941474,3.18912881168067,1.83373850851339,2.0458035797251,3.01687282979954,0.648487126470908,3.40377490471571,2.83661906846061,2.51900715834602,1.5295642585632,0.86826131914623,2.90981361338929,1.18860682381333
2.39744552746728,4.59802652870266,0.723593617022554,1.77339530627889,2.18024373462512,1.0931531849766,4.35316100891808,1.32522499606827,1.21121719221753,2.27620268304618,3.35375447776378,4.68462181174398,3.59981108869743,0.752975542902752,0.385690025640649,2.83659408523426,3.16980225955853,-0.246182061617882,1.74043735673857,0.792793149935658,2.81155957374054,0.724440643027717,2.64399045491109,0.807214314329932,0.82611165412173,2.83123782223006,1.37342516327686,4.53741241910027,1.06869492900013,2.37541545536589,3.60498592391538,1.81068209647898,2.69452964649487,2.70060398333509,1.09839542100584,3.24101629402611,2.23915070840056,-0.682480859478256,3.05100633157497,2.86256338362643,2.15741254017588,1.97328253586174,0.478203906643731,3.5864875367193,0.254944138663307,2.56683096739927,3.12470238619701,0.540786000497604,3.62351816199954,3.44410126172125
1.70398406873796,2.73620320689154,2.16628807898223,3.33783791997458,1.7118767516915,4.22276244740438,2.47130322330844,0.861532680491694,2.16773222067153,2.18781836767059,3.94522527592283,1.63315895431737,4.73296470538705,2.11285692758645,2.40249011059067,4.28247586312264,2.84281251257916,2.01677397775977,1.33663308338081,2.11410942979719,1.96999883854408,1.28962697262905,3.26146764187743,2.70906285073233,-0.2176994886684,2.25109708884734,2.39522368593671,0.829753423383923,0.0169905205298682,3.08154380042899,3.22424123925025,3.12125884981901,-0.461335475186488,2.72145691670693,0.406229015766846,2.74439234464448,-0.644555535753707,1.08731908889487,2.99975933111356,2.09734048520282,2.43156537286877,2.70360777879826,-0.0681312006871702,4.81522844615395,3.68945892131337,3.6968625765521,2.00336086511596,2.07998255324116,2.04647664222766,1.56855379738665
1.04067336129345,3.03240078754692,-1.45427723493739,3.44082408725415,2.03022722289023,1.58653342362382,2.74872722452072,3.6024688972798,2.25758310820126,3.39873433601841,1.50906176629186,2.56678565138889,4.93450456245773,0.658326762990914,2.66455544728948,5.72719638791127,3.1009395945461,1.72361262405886,1.68100928917385,0.966702920894623,3.9080864418605,0.533515938209236,3.33332885517573,3.16717412116052,1.64639836870946,2.46229346594133,1.10783204595442,4.02700461929143,1.78040019575062,4.37607911136477,6.22906949548006,2.98877831386959,2.14328976404046,3.54611515832953,1.88828116863451,3.93103290148488,2.44635652537848,2.35336189394267,4.80938204244287,0.374383260788712,1.60345026394979,1.02861477084814,1.42836590326669,3.12882142860238,2.86477797851858,1.94363158682909,2.99817738569529,2.65320433964919,2.45717118542614,2.65564788340221
2.25407267609053,2.61733670987679,0.897548258913011,0.610119889970364,2.51927018686509,3.32750455958168,2.03113070799419,2.21652165407969,3.99611886630011,3.75806082540668,3.68018682802245,0.475342555009857,3.23761689061182,2.19033984403286,1.76423666064269,3.77553654284699,1.65248446302427,2.41306142348086,1.64134630140455,2.60564285627222,3.2610037476473,1.25057806717021,2.38904699573089,3.38114893936198,1.72106997974822,2.09782703744719,4.06035377243819,-0.0507962045194181,1.74998263886723,-0.221333370428927,4.71787742881929,2.15624006906955,0.244862709911146,3.44820167458194,1.06822819671089,2.07992108654903,1.51367707924718,3.0293166527942,3.46885612852932,3.78045189766215,2.75619134311169,2.39861700216342,3.56782874914562,1.12403480689883,3.09339329660587,2.87729465182676,1.76942664530274,0.59536315995832,2.88468915859555,1.81445306344122
3.93091427212792,1.99545885852449,1.98083212868312,0.900736736722612,2.59216548541291,1.39916416818282,0.905086650530575,1.88525015712061,2.25300298330994,4.4796143353762,0.937892426764914,2.4633710753022,0.959800382525038,1.92826123060188,4.90421609162339,0.852498452530197,2.60939274638697,3.92697573194359,-0.0321009677858977,2.95787359942501,3.66655928933767,0.722075950838986,3.3570520504102,2.58253139890223,0.115498055313456,3.46502102859676,2.52521429549873,1.25266249103333,1.0582310458887,0.547014006384493,1.88362209134204,2.03811155571173,0.508495690307418,1.91414433940813,1.87775978170342,0.440428902105952,2.08128401299387,4.93431433615124,1.76309106682614,3.04510507355407,3.62180895921363,2.86418386342011,1.35688792104146,0.221945252787349,2.65209886654089,0.226628561066305,1.98678370939611,0.854230775737528,2.38902565722786,2.34161070930296
0.987070132588,1.90874363991022,2.14930371968004,0.972033937632785,2.67108120827092,2.05650685825102,1.51358593444136,2.02033812322907,3.22186765646558,2.38043759358537,1.20876435032185,1.42717804198658,2.894125331564,1.99714828994941,1.73170872068458,0.920677406245455,2.7354643180367,2.9345941546625,2.4857706537531,1.1991815610156,3.47185793808934,-0.724735734262844,3.14150867987719,3.09286142078774,1.55859852570855,2.99043585272429,2.82448971904229,1.3278618539953,3.21419901863892,0.297680068718872,2.51152038083715,3.01104965335654,1.14722574510784,0.426230198346544,3.33852842346176,1.82850204325371,2.3848972467843,3.83751087517796,2.92349311789043,2.89151084110243,2.65540478015368,2.01272721507949,2.02052174851069,2.41003330549222,2.88166556185445,1.95431267568885,2.38494919602233,1.71946636806737,4.09669537901904,4.08950794879155
2.06444444039321,2.39995937481534,1.46756812973506,0.94301111512938,4.10107658785062,1.46892371041812,2.9530936832641,2.89279026193778,4.0009452311825,3.25968722725623,2.38851227416098,-0.0251298201763479,1.02480464993766,0.891781038087524,2.14809284840304,3.06794985879243,2.47670856067332,2.06288824122484,2.19047624727791,2.04254865560524,2.78931570508443,-1.00670494385569,1.16370865622135,2.33641546422378,0.781262495153711,3.41438675072227,3.79632449908915,1.8556724004905,2.01856643300023,0.325619614514874,3.80733229340776,4.21494896542184,3.35650304328533,3.29247615946669,0.651668809955635,1.58139290716766,1.86249802896182,2.81465366891533,1.01080819329859,2.60877568992903,0.64477545415851,3.83192501461827,1.67581554162451,0.706088191770142,1.90090904282508,1.60512774601586,2.34672371700125,0.508909247780673,1.87283238891624,3.50878594116066
2.19237389135785,2.58890165654911,3.19784612620355,1.55565901674844,3.58171796078272,1.91910121562305,1.00548665190718,3.44808414754465,3.49414325855929,1.91347907502263,2.25399849945037,-0.308058321322805,1.55342540310045,2.93519176737359,1.79320501716472,2.89175319136426,2.32828576678195,2.36614056623858,1.61722673147644,4.33570086201341,1.96354572881666,-0.291808330468459,1.45896895360616,3.80282738950756,1.3836234823866,0.664102230686659,3.77874531585307,2.80176227162749,2.75783169945755,-1.30302319048591,2.73899125832921,2.11112148426172,0.0793312328940956,2.08446775556772,3.41483572450998,2.49128681803316,2.42759310923909,3.53332917776439,2.27564627828671,1.3130004956714,3.47238763335364,2.20494048358452,3.85739602217537,1.61067864500537,2.71692358757777,1.87194373357898,1.56838723942137,1.4759584384185,3.9626094924383,2.86409337439958
-0.340024462604727,1.98312196061319,-0.0425957688946985,1.90192383899352,3.95777920275736,2.16075558667138,1.42812967748196,1.74796912794497,2.99155558246536,3.08622356319397,-0.187168292585975,1.22960188662863,0.425649054557782,0.514160548262672,1.35743986154845,2.87009650993971,0.21873252474638,2.42477571398493,0.827061675534129,1.53813254417802,1.9087167233575,1.3658382284833,1.20561713558213,1.29691735460545,-0.0391201102468421,2.57958363839326,3.79680256624609,2.40524081174873,1.61993730000399,0.850667095217127,3.48805991782658,3.2181012614466,-1.15684778320885,2.96704599648009,2.91404894551468,1.46877156876897,1.75693555146064,4.78495624201476,1.23633890643896,2.04729554484832,2.48851980521309,3.34046461201583,2.59076399506906,0.333489920136738,1.91026532715439,3.09623773188662,3.1501780393287,1.57315366805267,4.40646401623189,2.89121726304311
1.64823409896776,2.41870418208863,0.985689135186719,1.53662308823404,3.30142180433736,1.89785943533637,2.78317318157029,1.40252872083242,3.09613698553287,2.15379755094739,2.53780043328347,0.692978722188087,0.0716629935604964,4.22854189842651,2.84757182388457,2.48576246486856,2.1193964213454,3.18822104175934,1.86158044075698,2.74042990604066,1.5871370609581,0.847796746091569,4.41451490845874,3.15390707256484,0.0510077514291729,1.63817878570135,3.04905157283634,-0.250791794135667,2.17494871334722,1.94868958997013,4.35278382096951,2.34388300039296,0.879599950438697,3.93911299421702,0.763312081506687,2.4822201177349,1.68164717214611,3.18962781983013,0.647888015800029,3.5074141121034,2.42639780024388,3.87042982034691,0.219373282603604,-0.0598828782704992,2.59433445590014,0.744782139380096,1.96346780711212,-0.0188595777156479,1.3583504911003,3.75490016045464
2.34659093868239,2.80072796452484,3.60391822138318,-0.471186138264839,2.71153893642691,1.64525003021393,2.38136642108908,1.75225916025048,5.25070523918321,3.38890586437039,0.710113588293169,0.916166900457815,-1.00042544129482,3.6241352225378,1.47242787359935,1.52890630715395,0.581704627983481,3.53965597446293,0.379914075455559,1.30165533931773,1.21893880167992,0.265905909923791,3.61833789176098,3.02607549992136,0.895839046016548,1.95314755034821,3.76261293483482,2.99910885447275,3.03352330902476,2.15636246052357,5.17681559130926,1.91148415271934,0.160755670436291,3.07987263816564,0.49923964532537,2.53629104004933,1.74589360649199,2.4309124878134,2.655024410228,3.01881609900672,3.0037972037286,1.81783899475362,1.56589130042469,0.394161300837685,3.52690725959776,1.7345163053701,1.86419857826344,0.938127765563634,1.87309580745077,2.77618867838003
-0.828941058706445,2.67989310382786,2.89235003415703,-1.40935940826857,1.54384841210641,1.52877265290663,1.39994182604284,2.77436594015165,4.4366346913565,2.96236418465361,0.774456029841234,0.834268159388935,0.377931303700835,2.51976462525333,2.00237075710813,2.94962999382055,2.07603437765388,2.57911593034299,0.121786952731595,3.06536890145562,1.60990721458812,0.218027943018409,0.649544612800721,4.05586337908511,0.791288897276092,1.40052252858823,3.2859930696364,1.13927848759215,2.67572399543247,3.07435248589762,3.05138711120684,4.0911308981077,-1.17243990871478,1.64640647316685,2.03453868389653,1.7206757921411,2.63888743016307,4.45189294457212,3.60964676035496,1.58108962641438,4.34255092952781,4.02289397573496,-0.29274971170602,-0.0568414208541237,3.2404199817755,4.55330249004026,2.94461804564452,0.461694898395549,3.59154548050242,3.07495517093992
2.36787270358452,3.30966392253954,0.482294438362035,0.634982622220462,1.29534845933781,2.03404417736161,3.65261512009413,1.88141279382992,3.01040774953849,4.44560164892583,3.72711355277575,1.6550125586635,1.72714556648524,0.647971363238001,1.71811976644872,3.84772759129207,1.33916675778915,2.66053344002291,-1.22859514687621,2.54551682133876,2.61383762200926,1.55156703481271,3.46703158609412,2.7755328856495,-0.788730195252174,2.21510449322283,2.36718496184717,0.613330896560276,2.94128124291257,1.26528997032146,2.16190455476459,2.4307726783422,0.125692023845713,1.86507687528144,2.28629964540269,1.95649273529942,2.82106538316608,4.86899345256532,1.21149303412209,3.59817193135224,3.29546151155941,0.891565423756666,1.90703476154846,1.53310647267496,3.89836245724937,0.521693694049479,2.99204136167006,1.41695472611076,2.04369088049406,1.35404519785
1.71451593388156,0.108785521130919,2.82352827615214,0.818731515365834,5.01122119129553,1.79927879264323,0.809233064858412,1.5824187288991,2.67920810848187,3.31722448210268,3.1603578032903,-0.0748347281775301,-0.102183303245352,2.42612382762884,-0.828474652387297,3.24040742887073,1.89449395394153,3.51808038836326,1.1932632252675,1.08179067975679,2.38467702033324,-0.610840984430068,3.06383193814351,3.49659638937304,1.5370844210865,2.09363148547904,4.8043844808011,2.85563569044348,0.173369927486052,-0.0520038291404659,1.91538499069158,4.6208101305906,0.626420651097503,1.0128675666925,3.18620809384561,4.38151529195951,4.33547908658196,2.01544510626246,1.116123887474,3.78637962174323,3.84178694360544,3.22976263769933,2.70396445332971,-0.552092614647424,3.48796812693548,1.37341243176928,1.2993302450311,-0.508276656130243,2.30847011365361,4.77400936515502
2.44273326045295,2.34490733466895,2.3655622480085,0.850937057339189,3.00396133245277,1.45555137123073,3.41567745190252,1.94757364674226,4.84167486726203,2.59601950918091,1.25183841624838,4.4709096034659,-0.159462770853356,0.336812414793326,2.6509303163277,0.619185781648759,0.819914112413076,2.13061237898678,-1.31265671694031,3.02519134367607,0.794343350181627,1.74817643309044,2.74373955817973,3.39963395463683,-0.94969607009284,-0.119834415131347,1.13698902698575,1.42885538447628,2.17720438129656,1.50234223621863,2.45346723092666,2.31301155441626,-0.102197712096423,1.17829185393961,1.96245062815745,3.54803111335561,1.01669244238894,3.71875676390437,0.927485388206418,2.86536695409776,3.62906429822047,4.51171079155376,1.10551037874323,0.0215105346914221,3.11199136519754,1.95894797765861,1.00894132816541,2.53916992776747,2.55464723264864,3.76596791597657
2.71767113004586,2.15476265664462,0.669078331690108,-0.392714693859405,3.55822190656882,2.37736226964554,2.81417281719248,3.35395020283372,3.08992472522534,1.25976266952476,3.66667232493041,1.29408089238402,0.56109436024728,1.730056378169,2.15775917111333,2.47467687729148,1.83564081353726,2.83932908584517,0.975666207864269,3.12573840290613,3.19785122001404,1.44929601123759,2.25547796174663,2.35308724931451,0.584765538446784,2.8524430888247,3.84552838121306,2.73079013958977,1.80819213805273,2.09984502312187,2.57349029529529,3.65699670356863,1.71565986066344,2.48953092251473,2.42037159397356,3.55476199852898,1.29254255999374,3.12934729695826,1.54185901855216,2.98361348238468,3.10159839946307,3.55543798915068,0.717493207925381,1.02721835515998,3.99831334713622,2.19995321983244,1.29438194734118,2.346018088596,2.65551577167343,3.83228784301075
3.42389508632609,1.23355826807444,2.3595761544677,0.320640755621723,3.69449368560081,2.40372816058045,-0.097571048356448,1.07934857269306,3.40279281811679,2.54717872107988,1.47030257542868,0.463626153653609,1.15913420676355,2.79079095977388,1.14656297733463,2.0123463579877,3.5194407743176,2.85738321339496,1.44134058923905,2.88280038499841,3.29114126665685,0.129937479556345,1.73097472345577,2.91623723521247,1.05512967059302,2.15437457231326,3.34166768289461,0.95647632586068,1.34980128999017,2.88650483041417,1.78900244460021,4.1106922152347,1.90764030568418,1.70072254109052,3.28924648234277,2.05811123011391,2.64414910134992,3.70164130889336,2.66564701557823,4.40914040823509,3.67112087466101,3.91487880124937,3.25578417415048,-0.715572316997093,4.19171680875342,1.46669439947262,0.824224106671783,0.157144222498475,3.70369818524612,1.09454247752688
0.314608843862667,1.24708495667798,2.89299460998869,-0.819117968613966,4.44632123678831,2.17023693754303,2.32016508248767,1.68922862600305,4.30939370465749,2.4139124934404,3.02864835063927,0.855226504554296,0.50539931446698,2.840608638773,3.36310008597407,2.08709993728573,3.82516507817365,2.2347890321558,1.78957675376957,-0.76807861085069,3.48307160252052,0.90225206864206,3.86262800793079,2.86637879999048,0.298000280911228,1.02813835979458,3.02277760614347,0.26891419186249,1.43930365874,1.8112535006894,3.59779299777903,5.14072073006633,0.675194866214867,2.65825489857436,3.17068918509962,1.16022108447284,3.63766532994621,3.52669783188745,2.71222821241872,3.39483869880227,2.86168362543828,2.44660337572048,1.03537002041162,0.495111973507291,1.60061243287629,1.73396768231599,0.218803048259679,0.330125772192342,2.39699423520574,2.97916332380559
2.04172931623207,2.52427067565436,1.00490100410069,3.63898221848215,3.63346874335952,0.898920078779276,2.80102512042405,0.944197031818043,2.38674577727459,4.14791904431639,3.3767179910649,1.54213052784055,2.21236784558103,2.03296948485046,0.737103828828844,1.81763180623667,-0.488639850153532,2.34019942868299,2.02181962668272,2.14382657885626,0.776404764188408,1.89310021371627,2.42306532810298,4.11960385547419,-0.403839032573975,0.898572164076865,2.38860001155336,-0.96596407622063,3.67576579329994,2.41824380879396,4.42389578908393,2.1690281908676,-0.481585932281746,2.83240954967079,2.82609365408471,2.57112344865548,3.22664817466431,2.9794869010454,2.44295422749916,4.21987512807247,1.75068774684759,3.29837608951002,2.90778388106409,0.695077319082429,3.89214773664677,3.08414781411867,2.31060752183839,0.0915125518538776,3.08935041241468,2.59106608755178
1.36705616964969,1.64457470209975,2.51967192258579,1.54660827821824,3.0263703369605,2.4024696992911,1.20831934595722,4.2387442557997,2.56451991508057,3.45736325964469,3.33100295826265,1.63417519319241,1.29263242591183,1.76183624615145,0.222053454279262,0.734329734174683,0.345677749610267,2.69259455958656,1.6152611595371,3.5198831251518,1.58682536562897,2.35091509526625,2.86773265170997,3.2392209725826,0.601176069107479,1.3097551117029,2.73947322752525,2.12686531518852,2.43053460043924,1.43916990170295,2.55670137444165,3.07640585619814,1.59417113886354,2.36346326122269,2.32391706509048,2.06604778256306,1.53229438166919,3.43825104730697,2.75958731205918,2.95492278712702,3.34763524421536,4.10637953965214,2.21407361366917,2.34607823542665,3.77795897034081,1.81925452037496,1.85488963905057,0.863459358202306,3.7374946372199,1.6236136934232
2.03009924643186,1.73973350287889,0.76426655171671,0.993846061070592,3.74287551615455,2.42581617721095,1.98933373676603,1.52693785996675,2.6178939157292,2.41219363794143,3.25465594943585,-0.774856068904937,0.963957538967637,2.26355228615082,1.31308035492444,2.33128391294074,0.579144718628083,2.11807254979398,0.140422143831409,1.82868392197893,1.59041913378771,2.4889703943085,3.58682810058799,3.29060221585785,0.889578200435195,0.416365077788753,4.80567031464304,0.111915611565885,1.85539337964275,-0.277501608601099,1.95966653432571,3.93582444619905,0.145125312880455,1.60135434138305,2.38095041145455,5.58465949292999,1.32176893626201,1.78947143429846,1.53112233398088,4.47948784483878,0.722186340828393,1.67085041516758,2.88102312274897,0.742463309203304,3.94191451634695,2.25155531937823,2.64254975369246,0.498962036708749,1.45962055542823,3.72743037439326
1.87085642393461,2.50720811003177,2.52972687432207,-0.890139467858295,3.34730339212733,1.71687128113762,0.376482060055523,2.90605408548087,3.17132817610993,3.22791494069495,1.71266544619073,-1.06613588468656,-0.102616102566183,0.408214825934788,0.815664477706742,3.35172863098665,0.72370343374816,2.90465484125157,1.89074897636898,1.34185500068205,1.54883528173779,1.37106721284727,3.5350002769976,5.34360141841864,0.0759215487266011,2.13776606651384,2.90300073299635,1.87135926039199,2.9390257121441,0.138626794788557,1.72610292159275,2.49833329713519,0.170082463367453,0.502070010494302,3.20261958279329,0.0681044463487321,3.69640227133044,1.5955800561711,1.82729002211616,2.92431621330761,2.01379081880637,4.00169412888602,3.00254499828277,0.476712699341666,2.0911972876989,2.36954223515489,1.9983406376987,1.1126384468164,2.31036770735119,4.23413078123709
0.824100714267328,3.14320521055163,1.01695827904406,0.733216628834826,2.3713450740907,2.55363207211556,1.0924329481122,2.03791693159414,0.583437536553105,3.13414774184625,1.45326448184091,0.910093090536788,0.0643597130509307,1.62376493115307,2.78967730172765,3.63656573626269,4.07910079937255,1.72403062692589,1.0632747474874,1.84570539791361,1.43530104827186,0.785526756487431,2.60659006303275,3.4162981123864,-0.357243000415756,3.50234395496283,2.61551330021494,1.11989356661634,1.45450325047671,2.88698587497109,3.7701516120118,3.59485346385118,1.14910681496416,2.11462817527247,3.10220575073214,1.79716749575402,3.54284685008907,3.72074915720931,2.68204989938581,3.91774845719956,2.94045865644779,1.59069612624259,3.13991050456775,0.336782201027369,5.40893084447621,2.40703425938977,2.40916296207735,-0.875217563094273,3.85979346020943,2.44677559412253
0.193180619801007,4.0668175182942,1.62425451574575,1.82043101019732,3.95849192629893,3.26435623247709,2.13676672242264,1.82463771697624,2.58182856341375,3.32932777211426,3.253927471065,1.83680217805869,1.4608373268203,3.81252714991038,2.08596377095027,2.47993222885269,3.01553602068229,3.37558498396481,-0.864661055559972,-0.383039316336704,1.4399896655033,1.45549458993914,2.45939058279064,3.36248107786928,-0.194604482751287,2.19288158714827,2.12163785749499,1.4724349448034,2.13885036321565,1.7040873131829,3.03152262197653,2.56934883086363,0.0238539586159529,0.962183382663371,1.93848506002085,3.48371520427311,2.21452759206094,3.08603550327673,1.71842267175846,2.65522128625759,2.83924050952588,2.50121897531873,3.23603585230776,1.44722103969266,0.405749825691916,2.49250501924578,1.50394185268985,1.15854671445831,2.62348025932423,2.77080982207127
4.12031372450078,2.76986634308538,0.958264615500105,1.7781935400496,3.16444135014376,2.32780246319463,2.27118795653197,1.63839097472126,3.7071955649005,2.70248778635721,1.92827708104099,1.16624083309353,0.667636537389376,0.261900317382109,1.6299385574206,1.26368408874214,1.89038718382496,2.53076962740364,0.8868631490768,0.861702908718396,1.0294419330078,0.741888889743932,3.25945091523458,3.53168262547612,0.471512220712213,2.52715473452383,2.50442147806308,2.26663990982006,3.44686231335255,0.33227947466797,1.09514524856173,1.86666094732721,0.705315592343612,2.64597887126157,2.36458991399578,-0.0985164001645051,3.70068829575232,2.86838295859154,1.03837742606818,1.92299734394608,2.57963847965971,5.62275685248845,2.29540151014267,0.680549018073991,3.00686303751409,2.05463257905231,1.03989204109883,1.015562671264,0.46491652969477,4.71146198892227
0.675594316638825,4.00199794550677,2.69766735743017,1.45409202352256,2.96529409903697,2.7651063733094,1.92633878479498,1.19637845791509,3.31180753531698,4.18498797306452,1.31756337873573,2.02552557344612,2.10616326882244,3.62911115074531,2.00933636704308,1.4169833805864,2.98151888102931,3.79893320361921,-0.78338637587516,1.91274446718746,1.43717645382657,-0.00292375210411655,1.82172123899114,4.54804223833981,0.54737311327905,0.51679370879762,2.91570754642555,0.514683621053098,1.66737191384946,0.294285657942847,2.87624482285443,0.76282844023037,0.229025084184653,2.77284540005858,3.69255229998577,1.74035133394324,1.99201317035211,1.32394802106016,0.622349855267443,4.00160472735829,3.98859101632861,3.51066556602853,2.17176102360546,0.456221150063083,3.11810666892834,1.29132592383809,2.77813222457043,-0.600603461260133,2.14219077138279,1.35019209670299
2.27502159326617,3.27162090872777,1.85555119658064,2.41005217305168,2.07925618462556,3.28257345881025,1.22556967157196,3.34157635107538,3.35064015678239,4.30953538662527,0.975003541714331,1.40318845813294,-0.63369360485113,2.52810544148851,1.04894040832718,1.38856801804861,4.26134720681062,3.42628819925871,-0.0534904407236623,2.8353267206442,1.66796355670178,1.84414348279794,3.30613847854867,3.96148830060577,2.41948519316134,0.460799276690594,1.64227793294501,0.538466413815657,1.20084372773679,0.0792814200856237,3.00032837721344,3.51463957244314,1.39228370707874,2.31601415812042,3.47136701247198,2.33406793588718,1.18209963519723,2.43050200923189,4.69758663663836,5.29600404077134,1.93038620889137,2.9091568057808,1.04461071730456,0.720326557511488,2.85030267358991,1.94172924755645,2.76112061632784,1.27597308916996,3.81602640692616,3.74422078543782
0.891136816733797,2.3335202458503,2.49854339713929,-0.811064105096482,4.14805514963721,3.65888693382934,2.59381613552619,2.62593065437828,1.41313458737404,1.82954473488457,3.30157781471653,1.4115921198628,1.33519280059537,1.63955581340245,2.1817177113978,2.60335004361089,2.63708992380356,2.48786798680649,0.380645322695336,2.21211086819151,2.1936501097493,1.69465877589663,3.17348122912035,3.33843617860646,-0.285681144515716,1.10356711308568,4.14269781676707,0.768241662721235,1.45170725486759,1.14847329199603,2.15622165527114,2.65809288483708,0.153694095115505,0.961887175201766,1.02275233865588,1.78036240836678,1.94938982971646,3.19220515089654,0.300284944437068,2.67412188454999,0.38635653298489,3.97876567921088,0.789590878943266,2.06523260036693,3.74787328786317,1.03657817776249,0.266287816116766,1.05495263987091,2.57341109077422,2.68597867601908
2.9927609112153,-0.722347742344487,1.76056055087169,2.70929132488924,0.408203931337638,3.08674303654963,0.307433156732568,3.27152568087578,1.81565061958723,0.653109115715799,2.58146032169396,2.64842382136271,3.29043334815907,2.66521599841103,1.17952660725799,3.39517160149293,2.89377734502683,2.84982760862709,3.12596716511411,1.66136377599279,2.02370643798824,0.442825700278774,2.30648103034167,1.89723874715621,-0.064525960448865,1.44143262527454,2.45176227538026,0.130588969742003,3.37843190060709,3.71054961476212,2.91783945578178,3.22979741171584,0.314338335503166,2.95902733537009,-0.77639192189298,-0.394171404706769,1.36741320730793,2.24969173408872,-0.710785803312202,3.12167555267398,1.15046893711994,4.86141559956748,4.0059050442053,1.11978738057298,2.45531065652728,1.03602188889599,2.54589933476448,3.20925334744545,2.75818411201448,3.54602284261129
2.53768948674074,3.53904641213465,0.828174084755898,2.16023469288409,0.114998246525614,2.35094203568744,2.4135047045491,4.55327347117647,1.7369553390824,1.19925191961258,2.29683319578503,-1.1329179344463,1.69620576729021,2.95524504180699,2.35976152855758,3.07417140054939,1.71291351378186,1.60087788195365,3.2593308210646,1.90672037258095,1.9916255022543,2.25959546534259,2.65684384794061,0.28513385269619,2.67724922249105,0.101312969373484,0.165002870426354,0.931447513744144,-0.953137313583759,2.9809103138742,3.20706615717072,2.90534624196315,0.20728553141709,1.71083719328478,0.333115984780538,0.066764114826012,3.06719019915197,1.85486810447541,2.3794490444046,2.01313694527055,2.11513872517423,0.295010877615658,4.39731579966728,1.59354702795345,2.56546704097788,3.74661286870142,3.85576132450469,2.11655888707421,3.57213631712443,3.23984260522916
2.27561246435253,0.0679723472633897,0.734736605738751,2.11335259381149,0.472563441340506,0.983509292126933,1.64096218912319,1.93619312365946,1.47435375874833,0.867672214948119,2.27035453737285,1.68700616680837,2.88589940067233,2.29100447067369,2.63332492843798,1.94350666639696,2.09194013995005,3.91733921368306,2.72471349116747,0.379400540705612,2.74360048762923,1.66262562245975,3.7428493379341,1.22559836278653,2.83638305791437,0.458427900249028,3.0014571533496,1.87399458406564,2.95583656301941,4.31312687307811,2.94184100425743,4.71019954048516,0.592995847738127,2.92070263005388,0.692034930413992,-0.629040881468673,2.3373959214647,4.0276132769215,0.458994670842472,2.24440553775139,0.668662845987997,4.41793781636752,4.53536108075324,1.22287484031133,2.85915480803677,4.05132374710196,2.76645716241117,2.19206619344093,3.70579179768735,3.03413534382308
2.36098308012375,-0.292027808139205,0.576004003126791,3.49521350608348,1.03103740528018,3.44857738874664,-0.717520706316503,3.20682249734674,1.32477250226188,2.45423172269893,0.983922132146182,0.251238353334808,2.90703791497625,3.68452398458178,2.09781591886554,2.9224454964816,2.716064251321,2.08037445432513,3.04976721550964,-0.411576286826645,3.88281673991203,1.61703482994906,2.71446229203886,2.8475539678897,2.12224387649042,1.72408190306176,1.82029302401897,1.26371558157133,3.06003423492052,3.17038615580451,2.1569479905458,2.66425099907882,-0.14867061145898,3.73989480231915,2.22252541528467,1.36909763910945,1.04635433634548,5.47804042183143,3.07546679173333,1.83901004155996,4.37445827173169,2.34469050188399,3.68452824755237,0.316497972235184,4.75814127006527,3.52417108506373,2.02162852110205,2.78661610949244,3.20489960399403,2.19190878069981
3.44414252391826,0.670874530801063,1.68927211828028,3.02323662606114,0.0534845166564256,3.52338815919216,1.82618859480234,2.75106674434443,1.84321139533429,-0.320639173350263,0.418237046601798,2.06911275932534,2.87743937355263,-0.414164862078939,1.19881624405001,0.583969757873431,3.26659245839918,1.87380643836236,2.68930227504926,1.81024428689199,3.37602712350368,3.05269226069953,1.33011632432024,2.08323523665703,1.21175036281041,-1.56237882677918,0.638474641821255,1.80875819081551,3.35096056599856,3.57881660553379,2.53351272046098,2.12467517566466,2.11576046554672,4.27676023028368,1.89586226263949,3.28565638502981,2.25117357413691,1.5466836356804,0.79523949698726,2.55719847638043,-0.495836417311669,4.25228304742217,2.49464743364824,1.83301743989805,2.16985857942274,1.88441572027549,3.73721596353388,2.73984068971088,3.55210338011165,5.22763232322792
2.41594576182173,1.29930219434473,2.05045042906015,3.17446162052015,-1.49897029524684,2.75387776033432,2.28077530846579,3.51538867391876,2.96924274168934,1.10920716347754,-0.653575466146481,1.39682932988472,2.11668922868154,2.22989763362054,0.897706846632671,3.80951987848272,4.22431930895728,2.9941649611386,2.57856455211973,-0.300998003243364,3.10445088845364,3.21121347353879,2.73560995854467,3.28508496858323,2.63363701563891,0.0627823254748204,-1.12565181990003,0.801699736615298,1.59844425882134,3.22790487499767,4.51644902909499,1.86744550828652,0.120543221829997,3.66513281710595,1.2039050630379,1.48654486958178,1.45185129645217,3.82226444536183,0.448583014479664,3.33494778403958,4.20367615406188,1.53971256782667,2.87576690787221,2.59394822911609,3.51442775612224,2.95223377834684,5.44160362468046,3.08669203144834,2.43112868964222,2.20747587128655
3.18626534775549,0.559812413187716,-1.19402499653358,1.75549624306921,1.145711531004,2.45545429281648,0.768655795429377,3.4427858200604,3.86326613150228,0.974527782079001,0.425591227776677,2.38535325921297,3.60016946940131,1.93195542086541,1.14834298742766,2.13025014670576,3.82152552682573,1.74386701841898,5.24620779511287,0.0963881982114083,4.57174942774957,4.45369487222183,1.30004560372373,2.27604491795357,1.79670650181936,2.52956064823639,0.60195055311874,1.17574538149392,2.83998698018733,2.38754013440268,5.07396139462956,2.43397936726831,2.27932293753161,1.47730964540506,0.784001587770399,2.93215222070259,2.10323601760306,1.93355200635047,1.0411968667732,2.89934143185477,2.57139692706917,2.66926512320666,3.30133474517883,1.48184085925083,3.78713107662776,1.08297105792058,2.00750734851008,0.0471927003051376,3.19271775559888,4.69728053235192
2.69965728626928,1.49693416245521,0.497034436702416,1.8330678689942,1.85870339343741,2.19631698525723,2.35882748116687,2.882883381376,3.01885748883875,0.864842409069652,0.0923779120879027,0.821919881563107,3.71713436563296,0.998264946027622,2.519418173048,2.87492255815647,1.75223320773798,3.21279147402541,3.08665737299249,0.781256535351164,2.73135900181185,2.46492733675425,2.47316718633944,0.288857254575908,3.77577501258599,0.994613861910702,0.652402076809331,1.08046732882543,2.21543925772843,3.73403013303062,1.94325323507286,2.02561559687128,-0.45427725484716,3.12622311168537,0.511993678064613,0.767870977267938,3.86601650513967,4.09430673251488,2.3170476310258,2.0244631570395,1.41625476278106,3.21081779052699,0.912632853158758,2.44119836360764,3.24201551371752,2.42826976216032,2.55926385549467,0.817573173475461,3.62134722161097,3.93892480729047
3.15970041375418,0.10942914539841,1.88031911753828,1.91588449585381,0.790061717117067,4.95447105047381,1.34123905452214,1.50215852725803,2.0456918216265,0.359474685868769,-0.365539566405244,-1.42988067251115,2.60912521752567,1.43998453690864,3.78231561329573,3.41115161878454,3.60127501385836,2.44438037053032,4.22351387547554,1.56458799718092,4.84852188608278,1.905150191747,2.36298420315554,0.850449978456331,2.50335414967789,-0.683183690360159,2.44495230883333,0.256131656278098,1.36202279804175,1.14949813746885,3.35524879489335,3.94508234084626,1.84222876919352,1.86861788199914,1.6020523137102,0.462554943366115,0.959006194714876,3.22059618232936,-0.809650203410381,2.02678337437893,2.27486035762242,1.99050073577776,4.4203970626931,2.75560086504946,3.55991680656164,2.25180336636358,1.83061246770226,0.819321522080973,2.89278438836746,5.03529495828804
4.01999508545972,1.73163983263113,2.54835282944109,1.17350172167927,1.39882402092565,2.70311255710465,1.64223618124416,3.04720060596952,0.798208327522243,1.71748255574154,1.3082999268296,0.767988042940893,3.42789251708619,2.2405680271836,1.39997298978382,2.14956469495323,2.09124778387095,2.37168991095653,5.61823281991171,1.60925639177158,1.48940352973777,1.09166852584783,6.17451978428008,2.15978631964118,3.85994569369779,0.950581219975069,1.3762360738988,2.38303742426177,2.55284798205069,2.03145516022943,2.46237332368475,3.24774110530002,0.396784992187268,2.52257476458373,-0.394100213523595,1.78610190337555,2.21998378712742,2.71676040946252,0.692011205379331,1.65921347353447,1.95171080403898,2.46522335382894,1.93102065268079,1.88703913982265,2.34958149098774,3.3451789564096,4.59198798945038,2.37698110187607,2.87592408044192,3.7316263865283
3.79835187870758,1.1269964620048,1.57800618392822,0.810503155139317,1.76112773619758,2.96459531278998,0.678789282137547,4.4802578676094,2.90935415523094,-0.476909813020725,0.527372497577535,1.10593716192527,2.1628947657037,3.21394151451887,3.47202881872208,4.4665510712084,3.9003448877473,1.40499854659598,1.67461902274607,-0.836020868787662,3.28106122869404,1.96666339670651,3.49120558987348,1.57278731308477,1.3905069544297,1.04549310894777,-0.821115532074475,1.45893057673765,2.37035082499075,3.62762646905029,3.09031636585836,2.89532537956754,1.13155502734254,1.90152720553022,0.645836328888553,-0.252372910224806,0.57620509353125,3.71005075343356,1.29456119458539,3.41410240205441,4.25246864177724,3.49505827488594,2.54064810299786,1.52537461228877,2.54160738359506,5.16395110444013,3.12727471672097,0.643208959316734,2.53497815314538,2.58015265940463
2.95590972841872,2.88904233606744,0.86916616471653,2.39335186098097,0.0345933681783148,3.10718971446855,2.44019566135034,1.03544503750684,3.46195822050016,1.75410479816319,1.44622223566769,2.21756978398376,3.02255986753349,2.25235848516403,0.962452887915643,3.30687854320971,2.04612848605391,0.523549505477437,2.86224117782534,1.24414660966807,3.90429346532004,3.72059724640604,3.44201615873174,2.90700220390901,3.15305532248777,0.224129717198034,1.27268727111548,1.44405890216515,1.61097623246784,4.24027762938144,3.34853828460259,3.02776167990371,1.76444455667959,4.70744236642163,2.23104957794247,-0.324164954834609,2.61601741003035,5.21047686646211,1.14777081711665,3.27416242982508,4.20798222218406,3.54849404978214,4.33166610954918,1.29787806964007,2.31951367828598,3.33664634220441,0.672901344428514,1.77139172832435,3.57340776248694,2.6902564931489
2.00780656839492,1.37976769380456,1.6078570269058,1.81921635684719,2.70425351971367,2.76937946845497,1.05373412120311,2.46144437328393,1.81537324604829,-1.18980917487403,0.224842229148491,-0.171763599437708,3.76006084748571,2.65241410469239,1.4285506562113,3.42968083280005,1.75910828558709,4.11029541174685,2.99733101549461,-0.771361833824904,4.13865742762799,1.76374837633912,3.2001981832427,2.15089896283084,2.96934915725838,0.314661893758096,0.0571922655017452,3.10895853127751,1.53990715136876,1.4930969428697,2.48248100490015,2.09272351765946,0.0828648334080757,2.8158970404001,0.186594171984982,-1.96823317332063,0.55843682008592,4.41206657562142,1.11595153197511,1.58603704948075,2.76684501464597,1.77225738578105,3.40977627769774,1.72062896416204,0.807562672028514,2.58213601646418,0.803225082672683,2.42325656490468,3.25493608171793,1.63932352553369
3.57585252276886,0.95518388601282,1.21752038739255,2.00218840129338,0.18418815834522,5.39007004059566,0.730286436921052,3.50278659285196,1.80983173161751,2.55309984771205,3.06068761751814,0.733524176104939,3.24571333208811,1.07110735503997,1.9232108895651,3.81037706474799,3.08155009580172,4.76051759457602,4.20590945018439,3.25061026945178,1.54766185630767,3.70869864132557,2.4708047880818,0.89047273651146,2.63730315707426,0.96097516564602,-0.70089310223139,2.66774359483677,1.73411380661273,4.18259689371289,3.28730130241527,5.3509337520258,1.23739451514297,4.8614262207002,-0.526672181654999,-1.22571817714071,0.298235177146089,2.80340191984778,0.67666815143672,1.31806942681093,1.71580825620712,1.99338735563953,3.47233650422102,3.56420974922256,3.62598709485483,3.92369102070629,3.93916526442846,3.94090825966462,5.67214420120392,4.03771431038458
3.13578123780053,1.13604397684245,1.52619122316637,3.18276728772386,1.05050318472828,2.9883676562673,1.46675626877753,1.90668722554606,3.24329480266288,1.7020619989751,3.58539637352218,0.545314444422632,3.14139134685168,1.55530604909338,1.57002761952578,3.9211729111242,2.18692308855023,4.25649974649894,2.67155092430198,0.0569911462072518,2.37364667845788,1.77724320045441,0.322831145129552,1.45119126886033,3.77216769250851,1.83974287034248,1.9190367632293,1.30632096363802,2.50144136332157,1.66581144063717,4.66807499684583,3.80876972448104,0.955310933387941,1.25795293373556,1.00091315401906,0.558345827571432,2.55721295780077,3.75538456981956,-0.140366723897608,2.92991388605089,2.15164529254135,3.20716720160984,2.25030137067301,2.09109360956858,2.58453831710812,3.76676659233521,3.29916215557267,1.75898065193266,2.86550498233788,3.04621782728374
1.98791803942828,1.55027653575257,1.46197953795127,1.31117496127497,2.81833471172887,1.91094059334142,0.88928862787048,1.97397388956806,2.18558749818315,1.05152381253524,2.49980640309029,2.50493216814738,4.3405773256748,1.96065781457623,2.17834515158954,3.54480788319469,4.06478465880181,2.91846610198036,3.31428556730957,2.6868894561962,1.06792442402309,2.21033018312288,4.8127119312971,3.01878845500043,3.17831056462201,0.158591982956246,1.60170571575034,2.87999280471198,1.94764717301039,2.40367970598429,1.91906327541353,3.7841404188467,-0.118550303562483,2.21654257870494,1.29515790450453,1.1246441284895,1.24948888287213,1.90589912980254,3.86131949086317,2.5396909707117,1.21889391335696,4.41740118033914,1.39830843597568,1.53781201897546,2.82369616623035,3.24874814790393,1.01007330650562,1.97902942806951,3.11157406182591,2.94222664472324
4.00402316383581,0.191919602465916,2.50399120650089,3.96360867768691,1.23373810674328,3.31376918317108,0.74393457877092,1.98796385633401,4.27102227928726,-1.42797370995882,0.899807392211364,-0.622538340128018,2.25089436258396,2.14308005716021,2.83492134116706,5.36959502355302,1.95098078150405,3.14727158466355,3.18146525370404,0.661188073566643,2.7609384096884,4.48092038385889,2.48374961332159,1.05458791967179,3.10070263616134,1.71622827616142,0.599977275777658,1.62102664281148,0.647828656530729,1.67050783496362,2.60214889537763,3.17023649079533,1.57670502282401,3.79527054231083,2.70653756587127,0.650002767320763,0.0290670542778613,3.43018002414615,-0.451386944833967,1.79285429652257,1.04260163675268,3.74708939655526,2.2085526744197,1.5495612481721,3.66525916355892,2.34278196505029,1.79586519959308,2.23564705629698,1.98999731271507,3.0767390706997
3.87609588699853,-0.00699603251889447,1.35300960257022,1.55808957707441,0.971210230825854,4.09572140336201,1.72609219074056,2.21736582304226,1.94844508011081,0.913929267546481,1.64718581466354,2.05905497807605,3.77658453756948,2.52919997887683,3.0466507568352,2.39690573864109,3.51600932516741,3.35459755954238,3.37478409203679,1.62071359152216,2.49972849956654,2.02716484238743,2.13795818626466,0.499684146923238,3.37694807585475,-0.867465652957709,2.43747168052874,1.56875136739629,2.30857853010571,2.81788658138279,3.29720881644341,3.15919765153077,-1.30174221004384,2.46772999000898,0.0925039598153069,-0.903499302520854,0.675536549060668,3.96054971158325,1.98374402021999,4.0404412181286,1.69565888204891,1.48056692765147,3.50201054764031,2.07309661541079,3.0498835161725,3.58312416913396,3.39834573800155,1.40465518438647,3.88787980131605,2.36635883589374
2.3070318842391,1.85820226727662,0.601097595265266,2.78100795006379,-0.13535799444069,1.98110539834808,0.799017977732063,3.35956281205724,0.384451170804153,0.261642554241079,-0.404589764816177,2.15698003542924,3.22818160682971,1.814441511682,2.76249603775712,4.56083962675,3.98574698441836,2.66285889663897,2.35747480231741,0.197278913142602,3.98747173036911,0.547294826546457,2.37003102990591,2.56516406305917,1.28273462655011,2.99085671970778,0.687794629736539,2.16644469968202,1.63300359618635,3.04913854463733,3.37342905926644,3.67801810041337,2.54401138418949,4.9858043427389,0.473386189701893,-0.154044341965011,3.07553289349939,3.45905952290432,-0.107841327085318,2.93379498781413,3.5308786534036,2.27992926067568,3.71719527052094,2.13135300902861,2.88854970711634,3.69068286766682,3.04475658602362,-1.19955843375579,2.69278244086102,2.57658653787102
5.68180948338679,1.08441634405873,2.02355959954025,0.865632517901474,-0.157377810928325,4.67087514103806,0.577328038788503,4.99862021891536,3.05795583994723,2.16772402635259,-0.334117647768612,0.886041141000702,2.26359951062045,2.76667505862124,0.494481324700276,1.64616385201743,2.64834302201794,3.49265395165648,5.57545331864491,1.11659388318885,3.41542122724245,1.32635719258305,4.0749624618669,2.18273876792474,2.68851273757795,1.77108649586001,-0.685384394715419,2.14051960466679,2.76081525652828,3.41207643161341,3.06758448154302,3.43437199958465,2.19632123896946,2.3481995844956,2.24000855550231,0.21081652562573,2.17583509418502,2.40354460548218,-0.99889265684803,2.98014222146319,1.52169406335531,1.16178796560387,3.04335519061691,3.34563639889239,2.4708486281018,3.29186467999595,1.1338391868309,3.5112784716271,3.13316499263638,3.77669100704352
-0.138993128968416,-0.481791761400822,0.199129089423464,2.27304138946894,0.452659093861775,3.27518347071841,0.457830244321461,3.55393480042535,2.36189475618196,-0.632649616252908,0.553270654947318,1.85519097010691,2.92957251886401,2.2643230159821,1.40929058843805,2.49199539892366,3.45174922847175,3.82986679358387,1.85930948777776,1.60806739208978,2.70388368084772,0.943083665269649,3.74568985400229,1.20327191809167,3.26810145678412,0.377401891987567,1.91095209107249,1.89245372734495,0.79122170852219,2.5776464536149,3.3466340304947,3.78055443023076,0.798323120135411,0.843037931528375,0.732098180811288,1.89940227819394,2.2079247992857,2.95491379276126,1.15072249695782,3.61555622337813,2.27596428852592,3.78439586435299,2.60585565355583,1.57663852792766,4.61586225377977,4.92307416746338,3.75252283799107,1.65641299651723,3.9453263696804,4.31090723646561
3.64595660550306,0.0348733838005002,0.702219846097701,1.23629344161006,0.566427284077229,2.81813360027259,-0.390177905441121,2.19169665106949,1.73412329424948,-0.613129155740968,2.69061986061771,1.51113909218972,2.62387341025287,0.644177723671198,1.64661558191208,2.52168886758102,2.40642782126907,3.94761153960321,2.69025287699418,2.52794183545539,4.36222173924555,2.089836849108,4.32158580355189,1.95381351495047,0.127911221555581,0.896405449640903,0.324999171423455,1.74801239068848,0.0914432679762203,2.98034634026553,2.83542862719941,2.55543224154565,0.567728420147369,2.90797250307526,1.30423634938697,1.31603999907668,2.8932027658822,2.41848140522242,3.10896809219341,3.4203829699196,3.29277985593516,2.12894785047291,3.38000482540797,2.97694228376802,3.13951059333339,5.30612974849875,2.5743156254576,1.28307088470193,4.52568672984904,3.05830130626763
2.51938986614371,1.10360014542096,-1.40109468243829,1.26239201601074,2.66248593383382,3.86735543072207,2.60713541056557,2.44298152218665,0.744218598264637,0.775340648211854,0.776634854303702,0.285581014827171,3.66322306858197,2.35907154832169,2.69327791161614,2.10182971776843,1.86350473174788,4.16542883446602,3.41624304719251,0.372924006082109,2.85570353828127,1.42771049717349,3.27946914130733,2.15362674483473,3.24808294812689,-0.232538320579803,1.13731156664796,2.40002038444736,1.50225061397513,3.30301642533384,3.18998280658577,4.2715164118455,1.3469486438903,2.60259988300134,1.47030345568099,0.173012724837022,2.19860991665826,3.4428632371262,1.6291906728364,2.67204512257281,2.42401070658077,2.98913368698347,2.37757204742848,1.3690195949546,3.11958369742569,2.01080473215689,4.24417031633511,2.28790914729748,2.75254943180586,3.24539835725944
3.19280739368587,2.1773236654154,1.19399822890072,0.743423859073615,0.436869148560512,1.59720309376406,0.347161809077551,1.91439646921256,2.87648416717228,0.94483184965406,1.92343851080391,0.305028405165287,3.41069588394006,0.29174716055367,0.434127215027476,3.10827452374586,0.665028218728188,2.57883363370957,3.43153057070049,-0.564266745978983,4.31572787554448,2.37803943865665,2.88499375445181,1.23337558563159,0.922699590555478,0.0670921372267608,0.076758202513792,2.99417023029213,1.36295548936965,2.02757765654491,2.93130136486107,1.52660777250123,0.514622066220749,2.86167269742913,2.2861921743485,-0.614570543507116,-1.18128256470893,2.68976931045619,-0.637645542159907,1.8655436978998,2.52776525377058,3.60914155821576,3.51138720600739,2.21975118100101,3.97986575533867,3.40142740850976,3.45034927928209,1.38252724375568,2.64339629889569,3.23232471837711
1.95074383899586,1.19256645489515,1.63054874598584,1.98293010439905,-0.145552245046363,4.48230141230567,0.619631490705664,2.28020598234267,2.59263466689049,0.372634043075816,0.950474306156546,-1.02251977219747,1.16815098648229,1.36407172264478,1.32210267314896,3.64987956260934,2.07340274036912,3.33460275643699,1.8308630939659,-0.22558199882339,3.66661076644512,3.62382151287374,2.74976541242715,2.3647533323387,0.525830433343147,1.29751851452647,-0.304459748739678,1.6061264100449,2.67623193203049,2.29884494638341,3.91645020769427,4.82601047314349,0.804693919765244,2.17423500076215,1.91697726002994,0.833567879912045,2.01968319470424,2.77717023191751,0.341524285982687,4.18226830511672,1.34617001785643,2.86694835194123,1.89862694336806,1.65432751490878,3.3793843479322,1.76761182674508,4.18280748259793,2.92016740691246,3.20796840756995,3.18877589972546
1.12554569988754,3.145566498608,1.88387993168975,3.07122243656265,3.68123747559389,-0.330735337690299,4.17698600986258,3.6608170992129,2.99235030285432,2.24186233076182,1.63373629057976,3.27337781870638,0.0137007752283396,1.63813957287225,-0.0704105443592358,3.67587348031072,4.76506855185261,1.22743415818734,4.6452840090843,1.57239689369107,1.53804542208321,1.53326300127927,3.71879564129289,0.797484657735275,3.52344374439996,2.92009609256069,0.313015278163937,2.9510804485114,1.18218791054209,2.6765860193027,1.01828489992758,2.38522480055068,3.86239760865475,1.34859115447464,1.29221778659076,1.93024588642125,3.05359382706753,1.59309183346903,0.293347317514096,0.832869484685596,2.60220703903869,0.384073130030339,4.47396772275126,2.85819134342946,3.53585047893886,2.313783222789,0.371005136795775,0.549601255632757,0.194076868406911,0.216007890540259
1.80129845152084,3.7568036695564,0.942108048702143,3.97029002598341,4.22175223046536,3.27626047350569,3.57220783316094,2.4414167245591,3.48288348511333,3.27579067505983,2.41499569139227,2.92704926615305,4.06490401472519,1.32756559508527,4.39516716185456,2.45835119489103,3.32855464887666,-0.108692980621949,4.07107386863872,0.495907829803152,0.511556108953177,0.618593090728622,3.52531400737556,-0.214382437225992,3.63975269791685,1.59378478124552,2.46298550285224,1.86702398465182,-0.101082357375366,1.30632185875042,2.30723449372901,-0.0602317915191839,3.26554476701838,0.906438546765403,1.56532220788852,2.98409613498976,-0.0937960522913719,3.80468534631589,-0.0436841053829673,1.69964755854582,1.27921602536775,3.68090301749135,3.32357209555769,2.18610192613056,2.66231323737004,2.0658431236426,2.41924953870264,-0.377227834704413,0.836759938080663,2.06340477872409
0.762960875420033,0.616994412928001,-0.22732435344448,3.31003525163496,2.72243643243342,1.98947266013726,4.47909386450566,2.45380504162346,3.02564594945027,2.18377975504331,3.21511383357618,3.0855162221139,2.18626084962884,0.917329537572398,2.23024963778052,1.39102607357772,4.04800709689384,0.207935670515625,2.39369339962703,1.29827516416579,2.83821456618902,2.59602543194098,3.8154083532577,0.980473653916216,4.28960951841132,2.66450233652722,2.6329845753051,0.714415740933742,-0.202527263259036,0.870516688519789,2.97959077474759,1.85464558795095,2.76867302273618,0.154615020703143,0.125781035831677,3.5389307173983,-0.226563515143381,3.7750540108071,1.61000173520942,2.76997398236704,1.95815671451044,2.55823576860706,3.92351012509038,2.67445941068733,2.62558121829625,4.65832732814445,-0.370665343097177,2.04859151359238,1.52583578459122,3.47787503183375
2.13752335541397,3.62722874277648,1.27520328783311,2.86045143751369,3.08360005680273,3.05218307328151,2.99890899048526,2.94984470587993,2.82213821002357,1.71173184680679,3.13686422127868,2.85080940865729,3.35214558584758,0.643748111121331,1.27310689573767,3.24388746890905,2.97923544816274,1.77583018094534,5.46543895780787,2.50269854212028,2.57237513194415,1.89050780549164,3.17054646422067,0.245966463456657,4.68831239184355,3.22705104515592,1.92587998902992,3.66116485621508,0.0332913235041505,2.84732831798785,2.78071103353867,2.09797941708419,4.0243577681252,1.27760623305616,2.0090338680072,1.2152833736323,0.657722772857714,2.091854308937,-0.00719181216563558,2.24026279927866,0.262105035679946,1.62360916126525,2.44311756067389,3.37815739716548,3.27278355518476,3.61413165394691,0.102968979821365,1.30555621676614,2.40240703340828,1.80470855647709
0.566594715526891,2.13051350067077,1.1022657226401,2.67368886577386,3.33226335311816,1.43893093509196,3.85495668320115,4.39025703407765,5.11528094082124,2.03987957271657,1.93321140504823,2.86621328941836,3.42387183533754,2.59328197143312,0.895553349778046,1.5827598008402,3.48383368272591,0.484983494136932,4.29707345786367,0.861435534909418,1.87089249185116,0.17542989745179,2.16234146187834,2.18908758835552,3.96428404606992,4.98890253663116,2.02796156626807,2.13657655597121,2.39449126043296,0.715679664376326,1.99234353269415,3.65117286843722,3.61737004257393,0.711098700123191,1.57705510932514,2.54989465218213,1.65853257819576,2.00397988406304,0.838216876808754,2.75416879730163,0.358948103870064,-0.0275660848950312,2.00706914637136,1.005514637952,4.53591780168055,3.33864128747449,1.13711282319463,0.0812513835486482,0.573754696986943,3.30530166094911
4.11505009956073,3.10872334144227,1.50178020606959,2.8811904931549,3.3796952393038,3.97173397004454,1.89538067137788,1.57515761486289,1.65772133853222,1.68366018198113,2.36427004677232,1.01537439711874,1.93158469511061,1.70796440409052,0.933789388842758,3.68909025314131,4.9079589147774,1.31019694833365,3.48891005037344,1.5810565113146,1.19601132657758,2.18924798131828,1.51460382008207,2.51016674154176,4.29184696326074,2.399669065766,-0.512099489284123,1.53563617197436,1.40436027071286,1.04879671672318,3.25856749633181,1.30246841420439,1.82896918325001,-0.851326747626798,-0.187997412034329,3.47849647430617,0.148554897239903,3.36254664514816,1.98005187633563,0.230918435719633,1.44646184748125,2.39790530990683,3.26736268127923,2.0006433067571,1.60811031359469,2.4239910394875,-0.704375760280048,0.154777412947446,0.787403204930062,4.73266163127779
0.122045690610883,2.67780222703622,1.00230022716044,3.89355889324556,2.04179232934557,2.77370821642704,2.89180408567248,2.09230991379941,4.42916563474189,0.41482812383615,2.19471308094565,0.212682963501081,0.697864466114747,0.586068136388346,2.71548149116842,2.03001919654008,3.02707250359248,2.02688876308036,3.37956101600451,0.289892425670257,1.02674094383278,0.520465132818104,4.10055629584881,-0.170392624344163,4.0349947432296,2.0715461512758,3.41348402080082,1.6935761942815,2.49031586219406,3.01151549368614,3.76683471162832,2.800353223333,5.51918956720831,0.0445314000069084,0.0414058629166164,2.65357142725235,-0.87598302993031,1.91391763522918,1.36194225895608,2.11633232037972,0.810787748958435,0.603102734751258,3.33720294054506,3.28382242313409,2.52836499147258,4.05067558510226,1.32030805879464,-0.227325675181761,0.769182980900988,0.83683693150403
1.87794241914025,2.9234953833303,-0.402802490724801,3.21111451066001,2.77261098779072,4.11342070453125,4.40896855932181,2.77879515115009,2.66309506643167,2.16082990949548,2.2649364865303,4.14701952442045,0.573942977307562,2.51275917033726,3.0160232041479,0.944607720119194,3.3116010712063,1.20764514258731,2.50510052032979,2.40706683376086,2.09166715679977,-1.61804602409254,3.93524738313613,-0.293928273576854,4.40410315391404,1.05132188788234,1.69678046292678,1.56418769946977,0.319284713926964,1.8930083873306,1.68845287366567,1.97137396145569,2.36691018790221,-0.687135849363318,0.779254457124523,0.955713421719143,0.51014335855128,3.17526212884765,-0.605657919068291,2.69202253974181,1.58809075596672,0.817729478032981,0.926692403044338,1.89880602315684,3.38158501808488,1.98355276886994,-1.13104361809747,1.35152930869037,0.507845791840523,2.88018050001008
4.02417790760835,3.92158352686457,0.712549501872982,2.51122020616461,1.77505404125265,3.5145680502119,3.70806184864962,3.1727001457113,2.2619325711111,1.0757645759989,1.81084540465894,1.39115926851809,-0.408841606055888,1.3954751570826,1.30099197993497,2.44219418414614,3.54486313129866,1.07783933429183,3.54206548647952,2.42853509534363,0.60144467164783,0.778152926063019,3.0386837713926,0.5149933475558,4.15720722283899,2.01339959537434,1.4006888661393,0.292177200773089,0.947719619930314,3.58067688954012,2.42697390005574,2.92993611049109,1.97646981284179,1.93325271384806,0.00949567609190594,1.51637400611271,1.32824340270936,3.63452342102189,2.31105640447589,3.37798602518764,0.811953741016242,2.54232493374068,3.93793693233305,3.98334698235953,3.31934108626314,2.7898297969846,0.257548566598066,1.88082658230993,0.692600579903907,2.024472580182
0.912253640544002,3.32200329915569,2.5017123015357,2.77962807489495,4.46817217233113,3.93769757618178,1.51026378509313,3.19343701366475,3.6923300730511,0.423106377979032,0.142474546333657,3.68209881019529,3.57327897753296,0.28661957479941,3.11827526043438,3.2344811616459,3.38084905564667,0.398526911419832,3.66487153712751,1.77244178303217,4.05728369985151,0.0733624244939833,0.605139975005634,0.940304930793504,1.40066684065633,2.70601381460033,2.01966219145799,1.82871077922576,1.63682363283213,4.70884536477196,3.15457522800862,2.16549960670894,3.43569394070687,2.5139508755078,-0.0460552216557299,2.07704352775822,1.86516205180612,2.73169502108174,1.53938817340871,-0.735970210694848,0.816952555459578,2.73472115030572,2.38693540034712,1.98337459445294,1.58523381755049,4.10298560260448,0.0480582342799465,0.546033120413923,1.71339700531036,3.95778446317575
1.15112038692736,2.48756077966025,-0.67074827178652,0.703754219897488,2.77345153175468,3.55793619254011,2.39938857605158,4.96870347281662,2.58748929906524,0.0558496694647788,1.72754147793063,0.380015521569751,1.9264537113495,1.33345936669575,2.22599727423518,1.19320683962526,3.64107499953981,0.235498054556495,2.8781072915895,1.79772502256504,0.898013758835076,0.592192991725298,2.90371994243947,1.12807971054859,2.24837283411171,2.66569431637792,2.60263230471541,2.98881575178477,1.35688325862053,2.198800479198,1.71283788520827,2.15588416325705,3.26729654252663,3.35428526164579,2.35964791465518,3.17424453066726,2.13971671684903,2.85658140359638,1.2187942241038,1.21743480955426,2.76037108613501,1.62149580358853,2.88790709582101,2.13609250486136,2.26028574875006,2.0662434352305,1.9339879197246,2.01804620900246,2.75659582364803,3.00494753450098
-0.0568745740865784,3.11424694840977,1.15123125842014,3.27691227623454,3.70441809509526,3.21101278376269,3.12798787406141,3.22581153250082,3.91262018448383,1.62129627641834,2.2880677852899,1.84420473754332,2.87266582404812,0.930650496417249,1.37406907453827,0.96238812706138,2.76405357133653,0.134795160453796,3.4618969047282,1.2965903086679,1.92587926699032,0.397703740690856,3.81904637825668,1.7979322507562,2.76085196895884,1.09381687499072,3.57368501672031,4.28564205323546,-0.175616050383678,2.76056964991982,2.13276882212655,1.83491377898536,3.15153477759341,3.13661687737965,-0.155923996282057,1.18267681503581,0.566044736773991,2.31467378387702,0.870033106744737,2.80804333998681,1.49181901926607,0.357194428243938,1.98607457637628,2.77301333067965,1.87826884732283,3.03733966178126,-0.0994828822352298,0.680788120122783,2.56873629399177,3.35420459604641
0.480528332810275,3.89730257148066,2.58762029107787,3.97381626739689,2.8538061783156,4.51658512458091,2.13102422778875,2.93081395583258,2.04182725833009,2.63436833398607,2.38145510329041,1.86981407876814,1.79509609004319,1.91995061358177,3.33093703645417,2.2813389927958,2.68825060959884,1.35468615568259,2.13634753043962,1.37729451119829,1.40006929460242,-1.44385774047663,2.50848479225312,-0.0160755002868724,2.97952437991226,2.00476971504794,2.38855799766975,1.46405298130878,-0.486052823605817,2.11333518833495,0.893765000133832,2.08797513859285,1.57089190055717,0.247426208324224,1.26084315779637,3.50004067912293,2.46297579684964,2.6895378631637,0.134947108454495,2.52406858597981,-1.32690137102039,-0.353634302036076,3.6363927467691,2.72761194054478,2.95443540300777,2.23092385424153,2.29711010122401,1.25813551065844,0.885623939124688,3.17620600404312
0.955152837570925,3.52866186424285,0.54676982024991,1.86340573918144,3.76928097495069,2.56676712747408,2.22946783937586,3.1794681987557,1.92803510255767,0.479184391191084,1.97024046488133,2.16795440326823,3.26119194435528,2.74824734494863,2.75516016477809,0.161912052785504,1.84337733226861,-0.862148197371994,4.17209487605869,1.50058603659311,1.74072245738464,0.497038225068153,3.31165627735536,1.24645329510759,4.96337329857487,0.917064487204014,0.875103734037091,1.81091124922947,-1.44537238317247,1.43712817415733,1.11975314017212,2.08585220024551,3.0922440380716,-0.252935729249846,-0.558236475055665,4.06354635357899,2.19780771096557,2.42983045060239,0.174361817109168,2.35611777436691,1.71723405337938,0.599815490180374,2.6292771915851,2.74620956175676,4.31356314065774,2.6124337700917,0.188130988539886,2.1163642663612,1.58561224621414,3.23068205053536
0.413784591513467,1.54254753468438,1.50496207186025,3.09608213485177,3.36523593806528,1.70215850294283,4.69363282448629,2.10092913705629,4.27302546189127,1.2635547897442,2.40881239967548,1.04595860916099,2.2982914406452,2.99228734825856,0.759552595495929,1.67202365313297,2.66572357417203,1.41956882948748,2.91015175061038,0.8298555395553,1.91995479121463,1.96287036255242,1.96248336736396,0.361118069709699,3.38984557900381,2.40641871541165,1.92071212945593,2.65725084097862,1.65019931683817,1.28201923493722,-0.388633422718272,1.82843583294972,3.38734985274707,0.375171915182166,0.992859545686991,2.4347973394291,0.53771334055396,5.53434623037214,0.0458609249062294,0.395044986668705,0.31766122492017,1.30320682540489,1.57866698694756,3.41577637344304,2.99841795769507,2.94616025786701,0.661807786252325,0.22789170043038,0.416129260610725,3.32939730597063
2.3762297153836,0.0449220596560185,0.519427038829878,2.51465026385089,4.04633575204747,5.02252934988147,1.92625381059238,3.73694327477619,3.74089126119144,2.44791882818721,1.75431244733904,1.68064373692169,2.30922756648553,2.48700533367602,2.84163210446008,1.42466858815643,2.58324863456148,-0.176933657541567,1.17211601745177,0.448666040849475,2.54106301819655,-0.68492017327728,3.51359568343252,0.397715412074149,4.06658275219461,2.09082701904522,2.1075425056797,1.8328723819331,1.59745884559585,3.07634568722594,1.30995061676049,1.85292378698705,5.24373592299426,2.27206446910862,1.56772222753665,3.94409299893889,1.91284775674193,3.60153596813408,-0.392223740931804,1.67731794037448,1.03861442312617,1.02632652337461,3.28909023039526,3.57244186962491,2.7879087661841,2.81145752402347,0.170919858215578,1.11259430625395,-0.50778289137984,2.02760691421437
3.4725394519362,3.37920805194492,1.41059860401057,2.21160097318797,3.90974283891837,2.71922861161513,3.2179592349337,2.25474993571789,2.83228879323456,0.712118290757644,0.270147864126076,2.81085042250106,1.72720897059839,1.22642547265434,3.33704706202603,2.65963961176668,2.4237251394599,1.17117344885846,2.54479410764752,0.696413050569225,1.17279929916218,2.45060876612427,1.66850760002367,1.5491066397015,2.72878686545284,3.21517392458224,2.16424478751966,1.4632329999244,0.994084465334623,2.72918870193051,1.47214325199929,2.8500782782269,2.21853379049072,0.0061836235604571,2.11104418692594,3.973098936351,2.05656727466585,4.12756120883178,1.53250569690359,-0.16145939152144,2.35344327237485,2.32137642369785,1.35212932429397,1.18176375881047,5.25347500925588,3.96569841325764,2.0766521816494,1.53156223937163,1.51863172122059,4.28169363205409
1.1453894119507,2.63524852686857,-0.333104490366799,3.08783985409779,3.48481730244019,3.95323850417168,3.84324846811316,2.07157141624734,3.50376889499976,3.50446367636167,1.81266604429561,1.9424466438304,1.91201581658381,2.48427938089114,1.78735992944135,0.156555110666202,3.50701146251078,2.26606917740873,3.27233931720608,1.5295292392108,1.02860754251738,2.52951689120498,2.44821738291767,1.12409483986107,3.18735663128727,2.15063891156249,2.98444414538532,1.66656096083057,3.03488045755017,2.47200852017089,3.0663108268773,1.81398043721589,3.73996767048295,0.291561511492881,-0.119344730183308,2.98283392988934,-0.381554276107566,2.52974843461947,-0.360013920248906,2.01909670228251,2.69138981336243,1.1809896264145,2.80975477722724,3.95333684916141,2.39375286789076,3.62590659689069,-0.327894805511096,0.577097349382872,1.36764406871813,4.52914308593026
0.872180153718978,3.40504418048206,0.378873891470591,2.2576540637484,2.60075061241383,2.69366709000938,3.20693568963834,3.42919595511148,3.05451791257132,1.18671807999625,1.86987990866845,1.43172641176354,2.92588081267821,0.920348544442141,1.40845408601767,0.477124536611783,3.29419776177283,1.51522793887963,3.60761091448379,0.614470427769139,2.78789516052312,0.0529794132698035,4.23567496959979,1.70955825469573,2.820975452574,3.00672183123613,1.91273528657675,2.22290414826286,1.27628897988056,2.88896455403163,0.905445785557387,1.16455846570653,2.14157819814019,0.25321956709888,0.254664310677672,2.64007264913109,2.52242167132902,2.7925714978327,1.4179994890715,1.0072956194204,-0.97724922370716,2.47270458978016,3.01940403095428,4.34424787271312,3.1138227551033,3.81789282304121,1.73990749846106,1.14862399200777,2.59744004592723,2.84912046965459
3.16922085082241,3.31375352372332,2.0690681548238,2.92264329346189,2.55494922177595,3.25826200182319,2.82218541757925,3.56046944365653,3.07687849049871,1.53160679604319,-0.377515720771732,1.53598782152012,-0.700472792652723,2.70975665339566,2.79898440953282,1.73431737632716,1.9165895923036,0.727849824664378,1.84423039675768,-0.926383387102706,4.01158578967806,3.29465825850715,2.77782984580347,0.176309637485924,2.84341352417057,2.59040898699022,1.21821504739573,-0.241702167631396,0.503533790643675,0.866435130469474,1.91494005106094,1.905475234486,3.30201859636505,0.722689789958081,1.89568526902501,2.80981571447248,0.921980715943368,5.7456733627009,0.149741843706337,0.560234590464646,-0.525397490921666,3.1954171235144,5.7018310603995,2.24552978473834,2.66525954579163,3.84643812641703,1.9766731506229,1.399286308763,0.826494220576322,2.81843133035731
0.529550697079695,2.53331849105058,3.28671626971647,4.32327281455315,3.56171169010543,3.52653241048789,3.66635349539893,1.42284089985534,2.51254116273997,3.20696426606273,2.91229420870375,4.49626913723505,1.14449489895252,1.83599634705906,3.54910827672268,1.10886313647728,2.57563643142029,1.3147662178095,3.05695366574542,1.7393435446046,2.71911819461925,-0.0994150191809207,4.42096085799161,1.0867371535805,4.78944297458623,1.15090507104067,3.39261246235614,1.35720691293216,2.17021622041948,0.902396667190416,1.58401774952013,0.731861760679548,2.03890477817726,1.65989670095719,1.59024442734455,1.12244690573063,1.50234630443128,2.16970928512448,1.86952635969279,2.16929155286387,1.43774690088255,1.55434165476452,3.51097155570292,1.11309776296253,2.09271830262139,4.33169732315778,0.62318475135213,2.18545205531744,-0.713967965037106,1.15906080469486
2.34878413069681,3.3731059968393,0.574744523631076,1.29853808172487,2.20249243580148,1.11583743539479,2.51523165443732,4.34443426699639,3.26991288037111,2.54197291195902,0.894884057515899,1.31846024191874,0.895964206996133,1.59354531293762,1.55011403292379,2.37495475573009,3.25593926418197,-0.656684174916217,2.89908559938006,1.23565454074069,2.44444432232781,1.14367097670282,3.36537019999834,0.821581804890139,3.30850397729418,0.508697203721727,4.74527254374431,2.12950677930963,2.00415049965311,2.1550161871917,1.616510580346,3.71872324145718,1.00239096395947,-0.5121388803747,0.711537720493028,3.56034953258759,0.912786871045231,2.35729987139444,2.03448043626442,3.8248258610762,0.356874680645818,0.646870013206316,1.7266560569566,1.36084000388835,3.60585771842374,3.22696825500282,-0.300891254986054,1.9190953318822,1.28485651747221,3.16519261489522
2.77204421992645,3.5770162692275,1.37448357702873,2.3265218754734,4.15940351252905,3.33094699895771,4.5796307669078,0.976344781511035,2.88019819305207,2.85552329526233,2.61249553713681,2.6390243157942,1.60678729025528,2.61273836858664,2.43706804202273,1.72975291413466,3.34840927769467,0.447338045014135,2.52360979513938,0.32386297641556,2.18886910905261,0.605567651761138,4.231845289732,2.02363816801281,3.36519700929843,1.95931375139316,1.6996348495781,2.5006839324892,0.293360305287238,2.54070797485713,2.13847842949199,4.4968402752067,0.693098132625526,0.978388310442101,1.04816346640687,3.33538474743254,0.309046614105193,2.85838801893279,1.02073678743963,0.415558217917554,0.5239220466212,0.81496932547721,3.37643791331247,1.08718010659763,2.47718415583351,3.65350981979275,1.72520434492495,0.605230298705704,-0.515459660923465,0.74657832741721
4.05342541549653,3.96409053430937,2.21379044330869,2.57029328774078,3.62935095472247,2.05640781668135,2.41611959239328,4.01709870131519,4.27674983971827,0.850197552443984,2.24230360165906,3.28337273160955,0.994711356926442,2.35493597329444,3.8095190179863,1.42880792838963,3.11413182127616,0.731333527957566,2.04994842559191,0.765603202792566,2.07719170222591,2.25948661179934,2.93345623679062,0.972078213251807,2.95807842702237,4.19531483288217,2.940070703439,1.01931213220209,1.06856425093558,3.15080723331547,3.5025095098193,1.97479369889572,3.86723155891422,-0.754570044008057,0.511073944209097,2.84697722243535,2.52642292910877,4.10436615092869,1.39511930482309,1.12616998238303,2.22940126860004,2.76060696434692,2.9012340099517,3.30872106175731,3.8504393927098,2.65935565526893,0.0296798230576606,1.60924090911027,-0.117228425047561,2.79662246220145
2.4678500888075,3.10000976543413,0.775778834934525,4.24786884401625,3.49397015603041,4.90365454427142,1.83791388563953,3.06667590277431,1.31626077473412,3.06335662830357,1.02862078520419,0.93081389569807,2.68213797511601,0.0764812860192747,1.75721353567507,3.45087454017081,2.39379153543896,-1.68089203175411,1.64074465551782,1.40479258624528,0.0712108780703469,-0.253494598680261,3.68105967478213,0.203065317717575,2.40101746986066,2.76323819211565,3.08241285926193,1.40157920340118,1.88742625005295,3.47704988933306,0.844075608400724,2.00703258000337,3.0761132699069,2.03546625106255,1.71298658493706,0.28151254271349,2.3140666822661,-0.00102477350675301,1.27635214187524,1.80421905304022,0.538442066004129,0.442651907258051,3.22054449558819,3.63415759204603,2.59196392852898,2.88402093765661,0.112587640681669,2.552754323222,0.537763746741054,1.51098732017297
