y,a,b,c,d
30.570469029346107,2.7444181304890662,4.241466112434864,0.9899655852932483,0
20.15657899077782,2.8112262398935854,0.31373165897093713,0.4384936126880348,1
7.783588080567594,0.8584186043590307,4.099225437967107,0.6999032176099718,0
26.446071154706836,2.4913428782019764,2.696801470592618,0.8890769556164742,1
12.313100551172308,1.9252365566790104,2.4951004947070032,0.8341594731900841,0
3.252525869925319,1.5572878473903984,0.11113660410046577,0.7344214604236186,1
24.734541269486314,2.209764943923801,2.7704656729474664,0.646903307409957,1
14.552737485272008,0.4039997917134315,3.5994880145881325,0.84287826763466,1
9.408005862955255,1.9709768712054938,1.178576146485284,0.15964125166647136,0
21.151903694274733,2.115194352110848,4.059398405952379,0.36370622739195824,0
10.636934595304668,1.3732253287453204,2.10736948531121,0.27509250887669623,1
25.245522203910213,2.157336754957214,2.8245527541730553,0.12479452253319323,1
23.2083222471193,2.8040167414583266,0.7584539230447263,0.5656269490718842,1
1.248314332143035,0.7662864730227739,0.9739621775224805,0.6732402229681611,1
3.174293267043686,1.386878467630595,0.8339151821564883,0.001703130081295967,0
32.27768097686786,2.8200435682665557,4.175547860795632,0.8009212224278599,0
25.242598594385164,2.934679285157472,0.5553919961676002,0.19824286573566496,1
0.8827105577311303,0.35246208496391773,1.340350533137098,0.6667454389389604,0
13.440081909907654,1.4249912446830422,3.9924048515968025,0.787734308745712,0
7.7467331152664665,1.680998238734901,1.494647040963173,0.9521814710460603,0
41.37999951247842,2.71209416189231,4.33784376247786,0.3826775774359703,1
-3.654478027969137,0.41613050317391753,0.19711623550392687,0.5263776814099401,1
29.745707765038407,2.9666751867625862,1.6991175501607358,0.38835411495529115,1
24.684964963248984,2.8400046976748854,1.5479804773349315,0.13172760023735464,0
-0.561874199891072,0.24731267429888248,0.6472684268373996,0.8077184185385704,1
9.007692519409018,1.5426353530492634,1.8691724247764796,0.6862496880348772,0
13.564100219786551,1.170610401313752,2.3248281446285546,0.2930985090788454,1
19.90334530070388,2.717214392730966,0.23304094444029033,0.41994895320385695,1
15.996168601676738,1.3409088843036443,4.937580996192992,0.7352610540110618,0
27.46071499842118,2.5080127799883485,4.542261651949957,0.8498212455306202,0
36.53122273155037,2.212786853313446,4.896950733382255,0.0774645886849612,1
17.03600487831122,2.433165423804894,0.8523610688280314,0.2838642545975745,1
-0.5389088535542121,1.164324848446995,0.213671870296821,0.10981498891487718,1
11.213151291846694,2.0555091882124543,0.7141618197783828,0.22193919820711017,1
1.0229711584240704,0.01184501638635993,1.8029042077250779,0.04705493338406086,0
29.087470447696322,2.4987482407595962,2.7221027482300997,0.06087714829482138,1
19.574202682148695,0.022002440644428134,4.686983092688024,0.533630196005106,1
6.895384931184576,0.6229769184719771,3.1777443294413388,0.09829959110356867,0
25.75434428118325,2.7198042233940214,2.423732657916844,0.41834637545980513,0
7.876888946784189,1.8353359303437173,0.4294811375439167,0.12073640199378133,0
11.839863431226687,1.1386777216102928,4.724565935321152,0.9253307108301669,0
9.248669695793037,1.3073147549293935,1.7335688590537757,0.009629517560824752,1
4.785269494671429,0.11229309858754277,1.8467311165295541,0.48333620047196746,1
29.501125446729276,2.920619741315022,3.120743714971468,0.7572244987823069,0
19.472008051533244,1.29525374667719,3.6370291269849986,0.9120926386676729,1
24.640742000149245,2.872729789931327,0.989640544867143,0.7774692866951227,1
24.13910678481882,2.6632647165097296,2.943576000398025,0.9741260693408549,0
28.675314830316303,1.9199363084044307,4.214485834818333,0.1620808036532253,1
47.60584322238397,2.912899831077084,4.99689516145736,0.3117350696120411,1
5.705163475418859,1.8565146219916642,0.05719124688766897,0.43985639582388103,0
10.927310647383505,1.0002816338092089,4.106659250101075,0.6511544331442565,0
4.85885621372055,1.0402447446249425,1.0281191323883832,0.6905988703947514,1
1.6161617930060377,1.1954562342725694,0.569024255964905,0.19908521813340485,1
21.988887919557097,2.3540783270727843,3.440428317990154,0.7996468138881028,0
1.4710540125856166,0.11680947337299585,1.36480659712106,0.7697398506570607,0
22.0244330508978,2.2463861585129052,4.115849395748228,0.6593490110244602,0
17.79138136585041,2.03183049056679,3.2219820108730346,0.1401244574226439,0
9.610917777726344,0.5137929911725223,2.6395114045590162,0.668272027047351,1
-1.3062225046783595,0.7832638914696872,0.1432548405136913,0.15233413479290903,1
6.997825428496726,1.5432388039771467,1.4358501962851733,0.577878788812086,0
6.939563719965907,2.026821823557839,0.17791764228604734,0.613630244974047,0
46.79666047079047,2.948451593751088,4.489339768188074,0.15072464593686163,1
13.666774798217402,2.2786328026559204,0.6548446824308485,0.5361787423025817,0
5.319008351856121,1.699465272249654,0.2572204440366477,0.5714744278229773,0
21.73371144838498,2.5490691557060927,1.8197326140943915,0.6035794820636511,1
6.545348373241957,0.5684218062087893,3.4774039150215685,0.8413568269461393,0
23.045487774412802,0.8138598441146314,4.461545656668022,0.5276384851895273,1
17.010681718083585,2.484475455712527,1.2213809753302485,0.2456119335256517,0
18.095319837889296,2.079614461166784,1.9598319847136736,0.2985262784641236,1
5.71029684415344,0.7216342189349234,3.1007745361421257,0.8461478997487575,0
8.190524545916432,0.12896638805978,2.8224848862737417,0.4482032412197441,1
-4.4669257363886405,0.42143728234805167,0.20700785564258695,0.6973960676696151,1
9.21865181956509,0.6491562451701611,2.3712174291722476,0.9474009110126644,1
16.278625773593625,1.438195692608133,4.74602616741322,0.573085235664621,0
2.873435623321624,0.5922310268506408,1.2016567250248045,0.4928612564690411,1
28.262009284201213,2.1580675130244344,3.390708510996774,0.49725810112431645,1
19.088962661927546,0.02365421620197594,4.567160920705646,0.0936699346639216,1
0.9762968108266352,1.1264698938466609,0.22790763061493635,0.958697933703661,0
5.381496055952256,1.5432231249287724,0.6821356562431902,0.19917822699062526,0
-1.6229652601290656,0.0047116626519709826,0.5017711652908474,0.5328466852661222,1
10.104987725092645,1.7448120075277984,2.0482730749063194,0.1352710798382759,0
23.208365662812838,0.4737156245391816,4.84973922604695,0.2407062069978565,1
7.869827741498758,1.077084917575121,1.8199232558254153,0.18403613683767617,1
25.311269930327477,1.9368956352118403,3.6245070677250624,0.6605567445512861,1
19.562979095945163,2.3274700879119337,3.513407737482339,0.10363930719904602,0
4.143321801200326,1.6909405246842653,0.12407300062477589,0.2802490086760372,0
8.351987908882204,0.7011101958341897,4.729992701904848,0.004321658285334706,0
3.196644163102753,0.26994154904969037,2.6674575451761484,0.2254595858976245,0
6.083872572519402,0.25683619477786124,3.4815458301454782,0.7482732315547764,0
-0.45056908932368844,0.9156551084015518,0.22628751350566745,0.028495955280959606,1
21.79776117883122,2.0022795440163463,4.582857144996524,0.7453864042181522,0
-3.4815212223991288,7.166897412389517e-4,0.16422110493294895,0.6210509312804788,1
6.974419284916018,0.6257098708301783,3.8864862045738846,0.401061526266858,0
27.287798048306193,2.799102382035926,2.6307088788598776,0.342672306811437,0
25.51571796475071,2.776934245834127,1.3306094182189554,0.23459508595988154,1
21.571231078909452,2.202282903017476,2.5246803963091224,0.7639049233403057,1
5.869589535542688,0.9992159502580762,2.6624762802384794,0.20834370842203498,0
1.6825034833849786,1.545189989497885,0.43435118277557194,0.224782983539626,0
22.624984413642043,2.2319239389616996,4.578007148811594,0.6549555209930986,0
20.241542983052696,1.8574777201283723,2.8200413123704493,0.49669921142049134,1
6.630848145779466,1.8787360335700214,0.29615263105370104,0.58961844118312,1
7.291112725144215,0.6514730947092175,3.3636284712702036,0.4327791838441044,0
13.452305597829234,0.6497019329108298,3.136613388778642,0.6633574040606618,1
-0.7597681061571311,1.1668350859545171,0.364277099724859,0.6242096782661974,0
24.91373012547722,2.82736707595177,2.188525270903483,0.501930054044351,0
37.08572930879441,2.887824041303247,3.207703729858622,0.29807239840738475,1
22.11718087168432,2.2195658376440406,4.049847435671836,0.7320365211926401,0
20.82940077836885,2.1997377171646804,1.9587648601736873,0.8438046681694686,1
13.930542337414673,1.607283869991079,3.867114030290395,0.6668145132716745,0
7.76159980937542,0.006818898255005479,4.3669756257440895,0.5047013505827636,0
14.804507305767888,1.8268123576417565,3.091565582435578,0.7116844456177205,0
18.403020085599728,2.510404678294435,1.7886709200683981,0.9756435954477638,0
35.725614198012,2.2545676880981773,4.661283405730501,0.6900391306262463,1
20.871517528694078,1.3581947176717222,3.7236464803572744,0.9954564389772713,1
3.733823573216179,1.6073699814733118,0.3178399580065161,0.9517321533057839,1
5.112686133132099,1.6121300859376788,0.5410175386350602,0.7615041772369295,1
6.9743144148854705,0.004142530728131533,4.093889457872137,0.14570474880747497,0
19.34314165456504,1.0669978614896536,3.965384690091014,0.17523036245256662,1
6.592185179285471,1.8363992704544216,0.28553518117405474,0.9342642726842314,1
25.89125639847599,2.4868263916578144,4.538103088270873,0.4797922787256539,0
18.656412648603883,1.0701659980695695,3.608193068066612,0.36911105387844145,1
12.624147124648333,1.2319053774699569,4.513534973375499,0.32540731062181294,0
12.714261561515512,1.7204276968259364,2.6785713259596378,0.47409466630779207,0
14.39957347569869,1.7690349107142538,1.7426966782659292,0.9310075242538005,1
20.97074734956524,2.158971877070144,4.166466888273135,0.532311444170773,0
10.719519404083371,1.184919135645032,3.9516449556685984,0.9165207499172539,0
33.03641021622943,2.7576117874123156,2.6570453017484397,0.3269990917760879,1
32.432871298619524,2.887710880720988,3.8935948628932238,0.30415509967133403,0
-1.446023009956467,0.7005705765914172,0.29179473291151226,0.0053276121616363525,1
22.09853534525323,2.1734927999787033,2.2905521315988153,0.4825263803359121,1
15.879830719971922,2.7109035754110664,0.11165520176291466,0.3771659650374204,1
25.299233206585484,1.8104222542606294,3.6994455580133945,0.13762754830531776,1
14.93540056273152,1.8945218967273831,3.528685427736491,0.5165047727059573,0
18.88632466817333,2.8121575489640236,0.02853334997780621,0.803295387653634,0
26.814544860414728,2.5514482520520687,2.353766100713983,0.04112936998717487,1
12.914273824081244,1.739462697179988,2.9808628151658922,0.7133608704898506,0
16.29683696750291,2.4642117717303336,1.4199679624289274,0.7088196177501231,0
-3.29666680101169,0.3411558272782713,0.2760964527260512,0.8954947250895202,1
22.691730811156592,2.2935232759919018,1.8893714516889304,0.2751623331569135,1
21.90645289064432,1.8708403715863824,2.6511194044724107,0.13480515079572797,1
-3.128986143314743,0.4453398201148957,1.2548903468996286,0.9261553657706827,0
7.680919521602541,0.24079339974559844,4.720432462636381,0.6430650607217103,0
5.956203591029244,1.3922086539678276,2.1874413546174765,0.6044444695580751,0
20.639903287404877,2.3381044843699783,3.5053340380545706,0.30290276696905494,0
16.442626049234516,2.2005838786717504,0.8792394597548991,0.2151194743346423,1
20.702214825170568,2.451691333204508,1.2098741135559976,0.8197162563446909,1
-3.6765329958246977,0.510487443767488,0.11841591447591782,0.5666030240245163,1
29.120128043500255,2.83416097657755,1.6438552434556186,0.9045274865347892,1
5.785522516003698,0.8808715241029859,2.065457127755508,0.6016356709878892,0
-0.7721529204440037,0.447216157335788,0.5437727784737945,0.20074491947889328,1
34.17962375315184,2.1581357738468796,4.2602613009512424,0.8191281068138778,1
-3.0624972118272717,0.9722578574437648,0.04529969301074743,0.6563667661976069,1
24.843824683082246,2.3364284955896437,4.848817643942311,0.43767271703109145,0
12.338410248035176,1.1833230054471642,4.02323346119374,0.13772464194335043,0
22.103529027259093,2.0357786037493497,2.5051985937170684,0.021007286617532372,1
26.134205013883914,2.3274751282297075,4.67089569545351,0.7082911971956491,0
3.456504803801081,0.5636071320623159,2.339261113665998,0.09685776964761317,0
8.603609783074935,0.08725745673291385,2.554883979028091,0.08420315617695451,1
19.33302174131915,0.40714139118790627,4.161108983680606,0.19565317989327013,1
11.748300904847133,2.0404925344046205,0.8032479882240295,0.9853338650427759,0
27.655967085198927,2.8044688613153994,2.606807624688372,0.665042725391686,0
13.724452201890736,1.6514822531025857,2.167833731509745,0.9882142366841435,1
10.229258401001388,1.8052987062837929,1.659090422326699,0.3878847947344184,0
2.7804869871946067,0.5909834643825889,2.2401187545619905,0.8139325783122331,0
3.95411453538357,1.6057098316960037,0.2058368013240397,0.26948591019026935,1
2.380630316593106,0.5386672178283334,1.21682025375776,0.4774921250063926,1
2.0849331746746183,1.3556594832334667,0.5158482794649899,0.19908589753322303,1
3.4923644827515936,0.9511600553523749,1.8156547390390188,0.7461237614043057,0
6.582266078373949,0.34852401120588183,3.2887101627420634,0.5610748727340251,0
3.9472789379156024,0.5583064702805132,2.1251982857938856,0.21583195379935205,0
10.94048353562017,2.1891902899369597,0.36096297670155764,0.19726463919505477,0
9.151044242694876,1.2356162136420608,3.4357059572357684,0.05769499274902046,0
11.837576553136262,1.2421490452252328,4.263930140295997,0.3453441821038723,0
24.465891861957974,1.44093038700521,4.336087764240801,0.6220518148038536,1
1.8738689246928963,1.2824833968188614,0.4454092972446233,0.17361462675035,0
-4.537191943577582,0.4094710804056376,0.06519056623801589,0.005896285176277161,0
27.906353348326878,2.4740382190793753,2.1162803506013006,0.0825298975687474,1
18.802842004892735,1.7769127276260406,4.866292253136635,0.19000646122731268,0
25.911262327406483,2.3831909329164773,2.4953404383268207,0.8302578194998205,1
25.681087622473772,2.307097277138382,4.973263022257015,0.39754857192747295,0
30.723034763128997,2.754169251769781,2.47440910898149,0.09383629495278001,1
19.322564431738027,2.587889331160113,0.6151780067011714,0.8898468450643122,1
12.595815453460494,0.9509257134050131,2.8019288077484816,0.5291085341013968,1
3.397748494525746,0.7777817279566079,1.1964626342523843,0.8258778736926615,1
20.472783795612663,2.2267993558198214,3.626252638641745,0.28495438606478274,0
28.868091965507244,2.2420833504293114,3.9301369758322835,0.778178108856082,1
25.1464496236779,2.7537121020723134,2.248909428017214,0.14492501877248287,0
19.18106990612554,2.379573627607897,2.345399595797062,0.22707688226364553,0
5.677686884993953,0.3999888547696173,2.0093001192435622,0.6023033312521875,1
12.134330603429845,0.8632492565084249,4.511877560289577,0.892307948321104,0
3.2156976012582925,0.5840284314472228,2.8184420487377793,0.6454758283216506,0
20.187346748262367,2.3523281479720026,3.4549833822529763,0.43264966225251555,0
-0.25438917096831815,0.3866164851933718,1.6613711847458035,0.8970045950263739,0
-3.125643435568783,0.38726785057224333,0.47432053135707974,0.9455679603852332,1
9.999188492099234,0.21675933385267854,4.689519121311605,0.6274946078192443,0
5.227463762304001,0.15938845044001937,3.3550953189842403,0.08301802771165967,0
2.6803173112128897,1.5956233092583716,0.07497045793570578,0.44493554532527924,1
-2.9534022960683126,0.33692472497932613,0.5655688419938087,0.3616007952950895,0
21.678658913669082,2.229563159169629,4.238954287720844,0.9953722420614213,0
21.909455200080433,2.1939464318566024,2.2340972092933953,0.4993489212356508,1
27.39475018829777,2.6553530611563474,2.009401946561411,0.25775425299070776,1
8.631378044426793,1.5513331666588783,2.1610710106324404,0.72443926660344,0
32.84250255726082,2.5557929549831897,3.3180220692884177,0.15788623364642262,1
1.9211713644201478,1.328388804802671,0.911846625385806,0.31545747723430395,0
19.662513071236976,0.4736403012648225,4.1916937998030335,0.2962855405639857,1
12.55733449894513,1.3269739164970815,4.586864875163883,0.6794728597160429,0
34.48878601585494,2.9032010016962886,3.991505316225812,0.4560403022915125,0
10.510266905022753,1.4537637883331627,2.515281408559531,0.01938680768944323,0
4.2382529126357,0.7573753183241934,1.2722974852658808,0.7258902052417397,1
13.818070763523872,0.779069940559566,3.336227178806439,0.3270677365362644,1
29.238451198898762,1.6260478226467967,4.70549687393941,0.661238310392946,1
19.451370170559176,1.9496275128331035,4.90380514645949,0.35506226983852684,0
-0.7759671103435657,1.0092573969159275,0.2614863694179803,0.4578901003114879,1
1.627160312335926,0.18284923885948956,1.9120226067025214,0.5849852124229074,0
13.432672495582903,1.3539325506426394,4.030887933913618,0.19584334967657924,0
22.246055135025394,2.5162651003338397,2.7394384949002415,0.2589550050906837,0
12.050228371841257,1.7239120029844344,1.5223226079251617,0.870197948301211,1
9.698060224725547,1.0600511322263628,2.011524132685736,0.11926835216581821,1
2.2583323519028546,1.6422782347071916,0.13797893188893795,0.8202403939794749,1
39.48864649836993,2.6781557814683765,4.2449684359598905,0.5721841587219387,1
3.7604831898279425,1.4699717117473483,0.15516851330175996,0.23441636143252254,0
3.841632512092607,0.5148963395040482,3.2614591578021646,0.5740204441826791,0
21.004073364973134,1.6290929820388556,2.984205523971468,0.7538890275172889,1
29.084252505570277,2.8844030876643956,1.5630551904905587,0.10287901689298451,1
24.43631715828952,0.9410514661576599,4.934550501639023,0.6736757098697126,1
27.84911231495556,2.461543644312769,4.1446346952579916,0.11318689398467541,0
14.217668390917472,0.9211632013320923,3.0385896505322307,0.8520397199317813,1
-0.10557330053777547,0.5563607434742153,0.6905631790868938,0.3989515183493495,0
19.038411703608805,0.14504033024422824,4.354635811178014,0.5594713499303907,1
13.05294457411539,0.7370224418118596,2.8854387148749083,0.48549236333929,1
9.741691525955995,1.0533207664266229,3.995862853480503,0.12692099018022418,0
-4.470162155808303,0.4770671452861279,0.14098103041760623,0.8385609986726195,1
2.5462533937260003,0.9122939903754741,1.2817887018900365,0.7888679280877113,1
5.737749485544637,0.05264497431926429,3.7838345672935247,0.6635215901769698,0
34.990535686825034,2.9896580376662314,4.14974152459763,0.2330875361803919,0
25.77021577729632,2.4131799379829317,2.618561243871227,0.9537545666098595,1
3.6119984990526772,0.259741805261001,3.1896879512351006,0.7009758718777448,0
22.31284357572626,2.609799809055403,2.4395280284807086,0.5850084172561765,0
19.463963607975856,1.663757590111345,2.9091929900459945,0.9528834593947977,1
0.8050635633501966,1.2641352654900402,0.5018501135054976,0.9118486095685512,0
19.48026994313201,0.20291045727208257,4.208069843007252,0.07797458628192544,1
14.871953615903136,1.6843138695694506,2.012469373876229,0.06755457608960569,1
6.6880695768196965,0.21216568280942738,3.8630230689886957,0.9408455004449934,0
9.375788552360948,0.6341758165508509,4.757289252011105,0.16728589218109846,0
6.202624610195206,1.6488612403627485,1.3273449090775102,0.9119979024399072,0
14.172564949131209,1.4459443450905383,4.146487491670996,0.16831759735941887,0
5.159180074303524,0.47840956365689635,3.2683054683730006,0.29850791045464575,0
8.687984135604035,0.4487369852140546,3.9925754070281982,0.038527573458850384,0
5.215853444312305,1.4978186411317438,0.9307572734542191,0.40080160996876657,1
39.97553293409468,2.8216946341563016,3.7735378742218018,0.6128191635943949,1
8.5303337331134,1.0026939797680825,3.6796018423046917,0.24640458240173757,0
18.096181570112385,0.5653029887471348,3.7589287431910634,0.02302810736000538,1
6.538240419664933,0.8091485348995775,1.6630724223796278,0.28421417716890574,1
3.1630678100946135,1.5922322343103588,0.2877431211527437,0.8128926835488528,1
12.250789517577418,0.06435068557038903,3.372077237581834,0.7189183852169663,1
13.079641261346778,2.396280922461301,0.2078508655540645,0.5295767437200993,0
4.675117728081196,0.33100530062802136,3.2178151595871896,0.18433724390342832,0
7.277553617287416,1.6193948574364185,1.4980225346516818,0.6716221286915243,0
14.463943344988138,1.7137016924098134,1.9671554025262594,0.4245253202971071,1
19.851303964191565,1.856854640878737,4.617521311156452,0.5616654257755727,0
17.910858861931573,2.1445610804948956,3.3960889687296003,0.4427883808966726,0
18.613914961387703,0.3699017360340804,3.5877315409015864,0.9330681611318141,1
8.663430571428204,0.9331488562747836,3.585683105047792,0.46153288800269365,0
24.887766994714415,2.837217487860471,1.1408602946903557,0.6289834768977016,1
7.737513116967716,1.5000752771738917,2.043869700282812,0.5719915216322988,0
11.74152128079508,0.40569149726070464,2.85556981456466,0.6840942611452192,1
40.22050156928291,2.6077734616119415,4.397250744514167,0.9448196801822633,1
3.280538606282043,0.6151488362811506,2.973390134284273,0.03378913993947208,0
41.2870229342178,2.775137672899291,4.590725728776306,0.32587523222900927,1
25.804108052237492,2.660260794684291,1.756918631726876,0.8046668816823512,1
3.323050289169423,0.40888747572898865,1.2699420377612114,0.21334158629179,1
31.457199518838657,2.356048326473683,3.570557733764872,0.3945930548943579,1
4.850650502984411,1.359910242492333,1.0923524422105402,0.785902559524402,0
8.093246049147488,0.40722725819796324,2.216828267555684,0.02192681562155485,1
27.0124220191746,2.6556631105486304,3.4810634097084403,0.6482025720179081,0
9.843901178358333,1.0101406204048544,3.367520710453391,0.5749855709727854,0
1.6549906609340619,0.9578223454300314,0.9026958723552525,0.5932014053687453,1
9.587037157533414,1.211348444223404,3.6587258824147284,0.5928633930161595,0
10.565901078715926,1.4372319211252034,1.6328149125911295,0.7227358522359282,1
8.600171992333857,1.1037054606713355,1.7621229565702379,0.7522358885034919,1
20.365572276797717,1.3970717028714716,3.9449659164529294,0.078985253581777215,1
5.629778967012098,0.14967645867727697,1.822685346705839,0.7291523658204824,1
-1.0947038820678594,0.5620701347943395,1.4158046734519303,0.8561760811135173,0
27.013222008754795,2.9479782411362976,1.303097972413525,0.712299736449495,1
0.04053454649253663,0.9848222087603062,0.13459888170473278,0.6750560253858566,0
14.997880620557813,0.5129891715478152,3.281463481253013,0.9764787233434618,1
21.22489248485236,1.4647646835073829,3.733899515355006,0.8292772357817739,1
6.143283864456556,0.05606223503127694,3.155727538978681,0.9472814467735589,0
-0.9186963952330097,1.0184552511200309,0.27259049704298377,0.27474726759828627,1
3.961679047145223,0.08899012673646212,2.6364243228454143,0.5741282193921506,0
19.096771008558374,2.6016859891824424,0.438862374285236,0.03274195990525186,1
14.84100820463981,2.195122799137607,1.3514376454986632,0.4437624423298985,0
-1.0268365349750699,0.9457823904231191,0.006362640997394919,0.31398377334699035,1
9.342741653785732,1.1593620353378356,3.5325717402156442,0.2275913238991052,0
9.39351893040662,0.9973379715811461,3.985401786630973,0.18224389874376357,0
0.16460382864017453,0.2693339134566486,0.6714643794111907,0.8329131519421935,1
19.389830270893842,2.2711668075062335,2.9956523957662284,0.9868840945418924,0
9.522185944563462,1.808905491605401,1.7960684443823993,0.1896929326467216,0
4.716783040089979,0.43619991769082844,3.3903227979317307,0.33963239938020706,0
1.8190783194547442,0.0975524503737688,1.8296503543388098,0.46095343329943717,0
24.101294992061003,1.4513044247869402,4.0044328302610666,0.4146209927275777,1
16.621404224345216,1.3337085836101323,4.935151376994327,0.8459804549347609,0
1.7278014719735006,0.18115676986053586,2.416303517529741,0.8561041527427733,0
0.32000329527694044,0.9825180661864579,0.39350742124952376,0.45158725371584296,1
16.764519885126475,2.635287141893059,0.6722752831410617,0.7324851637240499,0
31.88394479661487,2.791814658790827,4.471677988767624,0.675966499838978,0
9.009702736478973,1.1765353709924966,3.5677329159807414,0.7495475499890745,0
9.182686531351992,0.4765403245110065,4.370836208108813,0.9592238296754658,0
22.580067751948924,0.959842803189531,4.518874353962019,0.9957771103363484,1
6.14925411396353,0.9208968607708812,2.386499793501571,0.9803539421409369,0
-3.367268536864087,0.32343376334756613,0.3338929277379066,0.5659665379207581,0
31.28978850550894,2.9380029102321714,3.5993952315766364,0.9160005545709282,0
7.40446236231923,1.4907102843280882,1.3596451340708882,0.971621370408684,1
-0.32021789959881547,0.2792240157723427,1.6329017421230674,0.9634276714641601,0
6.213675455978586,0.6353209745138884,1.9252481346484274,0.6001434458885342,1
28.619887217139926,2.79150223871693,1.6535479866433889,0.1960578381549567,1
-0.684751713495634,0.8905392203014344,0.4929015727248043,0.07227953057736158,0
21.915350161375535,1.9596547465771437,2.905893881106749,0.407644767081365,1
28.492852358933874,2.7032114337198436,3.780960417352617,0.012965336907655,0
35.857022084318444,2.9723873797338456,2.585020752158016,0.9893149393610656,1
7.8788275547463,1.2909996639937162,1.3726289791520685,0.7420516693964601,1
5.558381553390721,1.1813307667616755,2.2230888751801103,0.8043167139403522,0
21.357890264681846,0.42572668637149036,4.478031392209232,0.1588368338998407,1
23.758684475949927,0.839420089032501,4.606412878492847,0.8178704171441495,1
16.77994819937538,1.69446666771546,2.606682109180838,0.5167396427132189,1
40.66847019276876,2.8054185162764043,3.8293149403762072,0.8950448499526829,1
18.806012765301475,1.0752004352398217,3.833607609849423,0.9622194706462324,1
37.41553887076753,2.5260215427260846,4.191148492973298,0.7654191954061389,1
24.202817554467085,2.1672276430763304,4.703748450847343,0.635772954672575,0
22.338065332389423,2.252207967918366,2.1139272511936724,0.9534211969003081,1
34.6731683437762,2.77196535654366,3.0236794450320303,0.38701885286718607,1
1.15172981082983,0.007134320447221398,1.1009891144931316,0.24905425123870373,1
21.57358923108233,0.4812897448427975,4.295993552077562,0.02714116871356964,1
14.656336296900667,1.197818853892386,4.638463861774653,0.3513484541326761,0
23.368492929460498,2.025958732003346,2.917192514287308,0.21166740939952433,1
19.02789026571837,1.4411160489544272,3.2942246831953526,0.31414901022799313,1
5.515577448758384,1.601486342260614,0.3265423560515046,0.2824367191642523,0
1.4704880422690798,0.9508504718542099,1.2227378191892058,0.2941643644589931,0
20.960247808659407,2.4442727705463767,2.5446822866797447,0.7530773675534874,0
12.775921556880713,0.8766585637349635,2.5747158436570317,0.4208896674681455,1
19.906992579798544,1.227396273985505,3.8183167204260826,0.6856144787743688,1
-1.1945216267566183,0.2727549229748547,1.3392575713805854,0.9502138991374522,0
22.15343550773966,2.395789914065972,3.4387045516632497,0.5055704126134515,0
14.003807118453587,1.0793557490687817,2.7886277169454843,0.18955725198611617,1
-0.9076537963184861,0.12146273022517562,2.1548830275423825,0.5715193822979927,0
18.302570633600446,0.1232590195722878,4.304575220448896,0.6733934988733381,1
23.373603114348512,2.8633027151226997,0.5583454971201718,0.38662619632668793,1
7.773555701878872,1.1200237346347421,1.581525212386623,0.9667076936457306,1
24.02392205000049,2.419259002665058,3.7049465090967715,0.5120570838917047,0
30.806564077892517,2.7301770269405097,2.7330599445849657,0.03688302310183644,1
3.1412408486900305,1.3202286385931075,0.8985694067087024,0.6070636955555528,0
14.078095090928567,1.7290095090866089,3.408141095424071,0.8166036447510123,0
-3.2533778673492457,0.22100338549353182,0.5265855067409575,0.6733413124457002,0
0.9532924525492723,0.49388218321837485,1.4429144526366144,0.15652116225101054,0
31.140407860344858,2.219672327628359,3.620270543033257,0.9661972690373659,1
1.5389626269033216,1.427133038174361,0.2269557910040021,0.9240018259733915,0
8.723229147988327,2.0565628597978503,0.5441160127520561,0.13306397758424282,0
25.46195781162384,2.8545448284130543,2.08814003970474,0.7886306245345622,0
18.86053758799276,1.4923934626858681,2.9826285282615572,0.9298678361810744,1
6.281580254086464,1.4115018798038363,0.9860281436704099,0.6451188968494534,1
16.83583757232085,1.6805758501868695,2.5055296870414168,0.7490529399365187,1
18.814176519329642,1.9575303616002202,4.123609174275771,0.4586694242898375,0
-0.15487725433262467,0.8387204962782562,0.46027211006730795,0.06113341171294451,0
27.061393887475838,2.939722768496722,2.3520451493095607,0.033411056734621525,0
19.09646802920256,1.9315923240501434,4.4046975614037365,0.3908719257451594,0
15.090472277171905,1.7477353073190898,2.1786434785462916,0.18818599148653448,1
15.087801874846644,1.8476130778435618,1.38327915687114,0.2645622652489692,1
19.207022392731137,2.7754208834376186,0.2856729621998966,0.20063334074802697,1
24.348704582464904,1.1700686858966947,4.424630601424724,0.17540986533276737,1
-0.5055623646557125,0.8637590550351888,0.7394271960947663,0.896244295174256,0
3.7749199261796478,0.2722078941296786,1.5869074175134301,0.06203818856738508,1
7.647688291025731,0.9661017120815814,3.4030799206811935,0.4111320886295289,0
13.960059816261571,2.274810337694362,1.4131317136343569,0.3106170587707311,0
8.316340065072517,0.31323878886178136,2.1237105631735176,0.43071064492687583,1
22.654763398794714,2.130833557806909,2.4377232347615063,0.3316505670081824,1
23.872485422861473,2.899432150879875,1.207078107399866,0.23823288246057928,0
4.905386106076282,0.6044736786279827,1.80075166746974,0.37314139190129936,1
-4.13130910686773,0.3254659634549171,0.3457735595293343,0.49069723626598716,0
5.955086374143239,0.16620653634890914,1.8034761550370604,0.01964610698632896,1
39.625323453989715,2.489170545246452,4.914895780384541,0.029511887347325683,1
8.77521284783705,1.7435932697262615,0.9503146726638079,0.6705753896385431,1
25.726858451170926,1.410277125891298,4.359461918938905,0.8245484547223896,1
2.074795738540413,1.0950423600152135,0.5629229103215039,0.7722723663318902,1
-0.5700406304807849,0.8403738818597049,0.970444253180176,0.7667660021688789,0
26.442716989181065,1.7991475649178028,3.6507829069159925,0.7851318179164082,1
15.954469283615555,2.4557088387664407,1.3512395054567605,0.9177865767851472,0
2.45082578610348,0.29349684133194387,1.050314026651904,0.779569620732218,1
36.90869735043402,2.8910685782320797,2.912671265657991,0.4205892763566226,1
-4.009474373136251,0.5062093301676214,0.42170054861344397,0.5794576855842024,1
8.497655472372205,0.25825021765194833,2.359529248205945,0.7976993145421147,1
20.41318943716797,2.58363208710216,1.5289000107441097,0.9289954164996743,0
26.138580216881298,1.5743718061130494,4.453512930776924,0.11331332754343748,1
12.455721654823206,1.9704326258506626,1.0579224943649024,0.19039122783578932,1
2.6142034718285485,0.6885581184178591,2.605128188151866,0.7711665162350982,0
8.526380513729315,2.163678094279021,0.07080706884153187,0.10998560092411935,1
9.541586279722118,1.472251184983179,2.634082967415452,0.6265693977475166,0
31.030200340404786,2.8957667774520814,1.9277484901249409,0.6322573281358927,1
17.17722552213347,2.7208274414297193,0.00766924349591136,0.8666186123155057,1
10.926004706785093,1.6537515835370868,2.831917378352955,0.6703298187348992,0
2.4655160048764015,0.22679729852825403,2.2391296084970236,0.8466962755192071,0
13.278270077506134,0.06810003379359841,3.079427758930251,0.22767775133252144,1
2.8922281360865405,1.5397185834590346,0.25106618530116975,0.1332222232595086,1
15.588695339714352,1.892178454902023,3.2637235219590366,0.5146004653070122,0
4.049093851656302,1.2563148729968816,1.6150629869662225,0.6827086738776416,0
18.16980133903862,2.637797835515812,0.7922559534199536,0.6267696148715913,0
1.3021509940946914,0.3239612190518528,1.0593714169226587,0.9720911351032555,1
31.082083877717615,2.9408360891975462,1.8615770421456546,0.6479070447385311,1
15.067267773866456,0.7948998939245939,3.368440039921552,0.2926535487640649,1
-0.9717576448736687,0.2528325696475804,0.7832175958901644,0.8096362114883959,1
5.111499933803087,1.157721527153626,2.018832784378901,0.7753376646433026,0
2.4412228392855586,0.3746874814387411,1.3128676218912005,0.8246901577804238,1
13.201076646601392,1.7446626650635153,1.747996696503833,0.556943126488477,1
0.04667728247348352,0.7204488243442029,0.5658500886056572,0.007574288407340646,1
13.874573588879327,2.1656636658590287,1.4668493624776602,0.46513413172215223,0
-0.6217179070150322,0.4377860720269382,0.6605591310653836,0.9580053500831127,1
1.402623919569444,0.45851631090044975,2.2909974062349647,0.7647308639716357,0
8.250979791024724,0.7776680106762797,3.6780691624153405,0.6758059584535658,0
13.244557894093072,2.333658780204132,0.26924578356556594,0.8363278969191015,1
5.516613407906003,1.2793988990597427,1.9630524993408471,0.284216663101688,0
18.793698934516545,0.18014500848948956,4.207765489118174,0.3105320499744266,1
2.5885754842204225,0.34449761104770005,1.9893944798968732,0.1325057011563331,0
8.465818146110173,1.44827069202438,2.2818505635950714,0.5959332506172359,0
36.02437150428857,2.9375207517296076,4.790726876817644,0.8172843239735812,0
25.70208973093922,2.434550360776484,3.879469964886084,0.7733793517109007,0
17.72700208872078,1.628738451283425,2.3835906048770994,0.628580471733585,1
9.429215002553647,0.21710126101970673,4.922848647693172,0.10674296086654067,0
4.901771239043445,1.3994557382538915,1.4780588878784329,0.8595031904987991,0
2.777383021074622,1.0197169377934188,0.9066970751155168,0.9276076124515384,1
30.19799918647738,2.069755815435201,3.8627736712805927,0.47595216264016926,1
26.664252767872647,1.5424721161834896,4.353613476268947,0.17849364434368908,1
11.7252531483353,1.5447690468281507,1.5651890402659774,0.40380177088081837,1
17.050216620591137,1.6365430620498955,4.571325078140944,0.9737307503819466,0
25.282937612123455,1.34237199020572,4.575547453714535,0.9875006377696991,1
5.846314487891542,0.2516545210964978,4.037492027273402,0.5345735540613532,0
21.946917991438433,2.7904010752681643,1.7641850165091455,0.02087553357705474,0
15.5967859468917,0.049344558734446764,3.3778654725756496,0.2818802883848548,1
3.6671726447207873,1.2422771982382983,1.3444844668265432,0.6520697632804513,0
23.286795778340593,0.6809282801114023,4.7886516188737005,0.9279032018966973,1
-0.6995441054311397,0.298921762034297,0.606890827184543,0.6498121418990195,1
7.587757168589521,1.4487716252915561,1.6148727550171316,0.5424345578067005,0
16.477279028573186,1.9503860143013299,3.1439311569556594,0.669558935565874,0
21.57422390718323,2.76398933515884,1.2096474785357714,0.9554415189195424,0
24.83333553398487,1.0878054213244468,4.643726929789409,0.7116259126923978,1
31.393252090726733,2.5654049701988697,2.9640074027702212,0.3398710945621133,1
6.741256353290758,0.9027184545993805,1.8045835371594876,0.39111798140220344,1
18.543065207494514,1.3969872754532844,3.041791443247348,0.3009877724107355,1
12.300672879265935,0.4281919947825372,3.015670250169933,0.8782510012388229,1
25.795411571851524,2.4231569808907807,4.405016070231795,0.4137573989573866,0
15.506705412789717,1.9974228953942657,3.152784853009507,0.007058410905301571,0
20.06314196193334,0.1858229397330433,4.329362966818735,0.08157869032584131,1
13.461658469881538,1.292776704998687,4.612574584316462,0.21024648915044963,0
14.79449029837108,1.190565244294703,2.843893956160173,0.6706039940472692,1
19.286479531443778,2.0908702542074025,3.7330767780076712,0.45258041634224355,0
17.45896262736847,1.9779589518439025,1.9598157575819641,0.42799242422915995,1
3.9268306389804275,1.2220521289855242,0.707443164428696,0.5648259087465703,1
24.43608842237619,0.920760661130771,4.7255934542045,0.04647410288453102,1
3.9744102470970253,0.7653220351785421,1.214660673867911,0.6578048449009657,1
6.075892919056397,2.0177044600714,0.11122839758172631,0.7037325042765588,0
17.605924814942846,2.683180300751701,1.1389715480618179,0.7386991139501333,0
20.45012659204188,2.5372084686532617,1.1823388235643506,0.5546275849919766,1
7.33114148800942,1.1787055707536638,2.781456501688808,0.06571105029433966,0
13.244073155692151,0.23715161997824907,3.3135297137778252,0.5724466613028198,1
19.61335331002488,2.485269170952961,2.492126482538879,0.5030601012986153,0
-3.80230271781954,0.2186754746362567,0.5778665456455201,0.4549386620055884,0
3.1895859719279596,0.3442880327347666,3.2177003973629326,0.699919157428667,0
18.104895704303903,1.9199528102762997,3.1357523682527244,0.40812682663090527,0
2.1534042650958,0.9616986005567014,1.2774011306464672,0.9076357695739716,0
2.439014216045581,0.5662485784851015,1.17877378128469,0.23152828612364829,1
2.5975527307553326,1.1814889234956354,1.7666479898616672,0.4547902273479849,0
23.24474463559909,2.586078047985211,1.536023453809321,0.7910456461831927,1
10.650010733608582,1.0437342196237296,3.853812119923532,0.9451063042506576,0
2.0592678435403955,0.0043016953859478235,1.1420034163165838,0.7776864115148783,1
24.780878568543155,2.7338533611036837,2.301641314988956,0.38915268355049193,0
43.91177602484589,2.8551703467965126,4.190132858930156,0.8560901854652911,1
6.748694581780721,1.4727569490205497,1.2823126534931362,0.48010178026743233,1
12.362112343621616,1.3909551459364593,2.301871896488592,0.1466762744821608,1
27.529198999064853,1.7894161404110491,4.171333909034729,0.5636437996290624,1
26.396788017030136,2.7181528718210757,1.6513489442877471,0.15987203107215464,1
2.856423391127869,0.5190035370178521,2.526920415693894,0.3076999227050692,0
34.09413708764091,2.35764323011972,3.8583356654271483,0.7900516632944345,1
-2.882219248733442,0.6988031538203359,0.8984663255978376,0.7629851989913732,0
17.86756376282343,1.7311446270905435,4.963763155974448,0.8407773333601654,0
41.994223353397956,2.5226310999132693,4.781691296957433,0.08918556105345488,1
10.58956692232169,0.39661133056506515,2.5864209537394345,0.3223819644190371,1
16.973807282973898,2.687673568725586,0.6069150695111603,0.4977485598064959,0
9.740207845719734,1.3504120234865695,2.815280556678772,0.18619074649177492,0
17.513614906483763,2.682427613530308,0.18726631766185164,0.294411463662982,0
21.574078301569774,0.7456355416215956,4.770378706743941,0.6221627912018448,1
-4.117843111294946,0.2510858809109777,0.060626977356150746,0.2921640402637422,1
4.606380853525309,0.14592322404496372,2.883168493863195,0.10901336674578488,0
31.063718795909278,2.9394476010929793,3.712587064364925,0.8752254766877741,0
7.037318033742369,1.452503223437816,0.9433362307026982,0.692374812439084,1
17.517000664785023,2.5361791017930955,1.4853736013174057,0.8536506104283035,0
6.913636520708187,1.2488808135967702,2.2349332622252405,0.9539221979212016,0
6.35392258918678,1.468027628492564,1.9572163186967373,0.9449814665131271,0
5.386954703002688,0.5498634525574744,3.28521691262722,0.01999494107440114,0
26.402672708626685,2.2774844036903232,3.069745902903378,0.3959682553540915,1
18.253915382482415,0.9154299076180905,3.6440385959576815,0.26453795097768307,1
0.40319978776482956,0.4970347413327545,1.6021726629696786,0.5129237785004079,0
-2.3094429065532998,0.09842742886394262,0.7209832733497024,0.7613946243654937,0
-3.070889152791942,0.4095156246330589,0.26955499895848334,0.06038097874261439,0
22.107779845468464,0.5314092342741787,4.77547884802334,0.9330043683294207,1
2.5812204120154387,1.5586813513655216,0.12800470227375627,0.34894162439741194,0
38.48470275681459,2.4333623552229255,4.603815695736557,0.4117978934664279,1
6.031508777891954,0.3460860375780612,1.8333237245678902,0.9611464776098728,1
27.010477362187324,2.6802653598133475,3.491962734842673,0.5310729139018804,0
20.013729043335022,1.7260586433112621,2.846761734690517,0.33851194311864674,1
0.6409486149241167,0.4397171828895807,1.4200556825380772,0.6307547339238226,0
17.857016144767368,2.708417389076203,0.056849593529477715,0.12173876585438848,0
9.62567118858188,0.7590074082836509,2.106860096100718,0.8974686674773693,1
10.614179247251233,0.4517928007990122,3.0714624584652483,0.5167086222209036,1
11.423627960024952,2.30564147955738,0.023776859743520617,0.8094652418512851,1
6.5385842549037845,0.6903699932154268,3.3179964718874544,0.8937075645662844,0
-0.0677244449969151,0.9161979840137064,0.5782656453084201,0.3795748169068247,1
15.042193610755096,1.5557088365312666,4.511472900630906,0.057286100927740335,0
0.06208982115763639,1.0037990002892911,0.5049939488526434,0.345732118235901,0
10.837454090123119,0.4633049047552049,2.827077287947759,0.3998171277344227,1
3.569828683983521,0.7991087059490383,1.2571583653334528,0.6064892194699496,1
7.546924242026066,1.0522638503462076,2.90597949991934,0.6800471101887524,0
31.372187698553002,1.7353751363698393,4.7626185265835375,0.20694135734811425,1
34.72057990878703,2.4258053856901824,3.636394015047699,0.9760091239586473,1
25.355280095677163,2.799810944823548,2.0228632574435323,0.02756193932145834,0
23.161321782378103,2.5015900125727057,2.4618220212869346,0.2690773655194789,0
15.190982551425291,0.38100832351483405,3.3607017481699586,0.30237027374096215,1
19.598248250423957,1.9483618545345962,2.341161137446761,0.9356717928312719,1
12.558009107625292,2.0710549727082253,1.4787101105321199,0.606256389291957,0
11.978248013814895,0.09613447333686054,2.7308378601446748,0.33254545321688056,1
37.07738211700928,2.761467449599877,3.6751281016040593,0.5596618608105928,1
22.46501181359855,1.4354066611267626,3.8580710045062006,0.15126625774428248,1
9.326169208564476,0.7995617352426052,4.0719661372713745,0.45740777393803,0
17.464390011837313,2.5695321487728506,1.6656426945701241,0.12832713313400745,0
20.575178589202594,0.687439433299005,4.456222830340266,0.061590532306581736,1
20.76979031436876,2.3758406199049205,1.5435169858392328,0.41250801156274974,1
13.947169168965935,1.940324580995366,3.493843929609284,0.546634909696877,0
5.550050932869205,1.2730040720198303,0.9673745685722679,0.49105857592076063,1
21.818000256980927,0.2852048040367663,4.883537996793166,0.6049502929672599,1
-2.0205533482149654,0.01040311180986464,0.8454629057087004,0.37338479422032833,0
8.021186128965885,1.5934010068885982,0.8521335804834962,0.9788138004951179,1
21.118625920360135,1.5729213478043675,3.140452024526894,0.853651417652145,1
14.732084249795006,0.6395566638093442,3.6709776776842773,0.007975502405315638,1
23.006201341544333,2.1507962399628013,4.695566209265962,0.5751656573265791,0
40.448101697021634,2.8840307286009192,3.8414810539688915,0.1537614380940795,1
4.77692099283474,1.5547997988760471,0.8315381675492972,0.4578595624770969,0
-0.10229543956468215,0.5235840668901801,1.4014757703989744,0.6299281765241176,0
8.747274189939354,1.6876204046420753,2.12632852839306,0.2734025602694601,0
21.317353238695787,2.2777745090425014,4.186467492254451,0.10595681634731591,0
13.297664344027131,2.0009140125475824,0.7575236295815557,0.0974849914200604,1
5.028732445301628,0.6746187696699053,3.3292688918299973,0.9649805454537272,0
10.775803003231415,1.0375492873135954,4.090418613050133,0.025037269107997417,0
15.177533088299795,0.9594952797051519,3.3680913993157446,0.896651475224644,1
28.942065981722802,2.714695192873478,1.8773846374824643,0.5844970848411322,1
7.569100664625354,0.597595140337944,4.421679863007739,0.662530409405008,0
15.197085313590124,2.042889049742371,2.8551635262556374,0.5101064711343497,0
7.215112828144909,0.41255327593535185,2.3497388360556215,0.24718454107642174,1
4.900731046313428,0.3209840606432408,3.1804524594917893,0.9138771167490631,0
5.850973722265824,0.27857818733900785,3.702989751473069,0.5722990874201059,0
24.073418441953216,2.749346865573898,0.7293879857752472,0.6145102148875594,1
3.164248176055649,0.8311813075561076,2.032016401644796,0.5350689522456378,0
24.391062149607123,2.657381631899625,2.2914467938244343,0.7873376910574734,0
27.30018012629376,2.3185939486138523,2.791225047549233,0.7646249162498862,1
24.019027220004393,2.385153708513826,2.048449736321345,0.5163466243539006,1
24.106312455892482,0.6170207792893052,4.990597742144018,0.30371411284431815,1
15.969075986036476,0.144579968880862,3.751375279389322,0.20658609131351113,1
-2.8459212998206493,0.116447793552652,0.9422447811812162,0.44229873619042337,0
-0.1661067097347777,0.8537223895546049,0.5437112145591527,0.6139544122852385,1
9.911246459494665,1.0464294974226505,3.71907428256236,0.6518188496120274,0
10.372398732715912,2.2123599762562662,0.5753856827504933,0.6329915702808648,1
22.294651159049742,0.7549907437060028,4.9891017051413655,0.7214118868578225,1
13.480332818961832,1.5523110092617571,3.8906107761431485,0.20685201860032976,0
19.931415772545652,2.278334168018773,2.040915199322626,0.38729666359722614,1
10.211299438183564,1.908253583824262,1.3911665056366473,0.48853226425126195,0
22.902133845651413,0.6118220561183989,4.783479360630736,0.30996718909591436,1
26.32832540552151,2.9791358462534845,1.272660024696961,0.977292031282559,0
-2.0847925252230866,0.001215130090713501,0.6005310174077749,0.8223088111262769,0
4.893823430242721,0.6197100752033293,2.7249504229985178,0.1293928036466241,0
16.502723147733473,1.90208427188918,3.3676421910058707,0.47129145939834416,0
0.862911115168221,0.05187547579407692,1.871665104990825,0.9295136770233512,0
-0.9008777848774931,0.08020641398616135,0.7355795754119754,0.14548516902141273,1
30.815268790394672,1.8235217852052301,4.8450299829710275,0.41018507815897465,1
7.920614921399899,1.7116240581963211,0.3461839724332094,0.08212605980224907,1
12.405113656142081,0.7375600438099355,3.0119369691237807,0.930871162796393,1
22.44951816060698,2.758575259242207,0.974341748515144,0.8183437113184482,0
16.602147397796095,2.0166486050002277,2.820869267452508,0.19959935056976974,0
12.34272302263632,1.9363513179123402,0.7380106882192194,0.6266567050479352,1
9.264351695045379,0.6248563639819622,4.1204629605636,0.4736111566890031,0
9.878937162558586,1.441853207303211,1.6476295434404165,0.6337072993628681,1
28.108652530826433,2.9595557497814298,2.380495109828189,0.6221884384285659,0
25.48812185474858,2.9793595431838185,0.9489179030060768,0.8889457774348557,1
15.808547027688276,1.35232210974209,2.597183173056692,0.4551777115557343,1
22.458471749423502,2.1445463583804667,2.4754575768020004,0.9093520292080939,1
1.5436770773281225,0.9496848376002163,0.7083175564184785,0.7449682538863271,1
25.141894387735007,2.5010626818984747,3.766403900226578,0.7581025916151702,0
-0.3847289848504647,1.3019267446361482,0.05462414468638599,0.43373951758258045,0
24.03003146626716,2.987976774573326,0.8898097707424313,0.035020289244130254,0
15.013790873702295,2.417433639988303,0.5683812184724957,0.8866442714352161,0
10.74510177269055,1.458726502256468,2.6835151703562587,0.33975156117230654,0
17.894906755880022,1.61631600279361,2.7271223976276815,0.5676598595455289,1
-1.0389356875303193,1.02311972505413,0.10460800724104047,0.03758644103072584,1
-2.433636732880752,0.15604681335389614,0.7536622416228056,0.7556630766484886,0
16.169583949278522,1.3761693395208567,2.7816876175347716,0.8742113013286144,1
12.776421857754906,1.4944697711616755,3.772639351664111,0.11790063534863293,0
15.917841649089095,0.8482926758006215,3.3067098073661327,0.24656462133862078,1
23.470191653054176,2.329335247166455,3.8289972580969334,0.25514400796964765,0
1.6258710725184409,0.9115582855883986,0.7142101717181504,0.008231374202296138,1
11.519174506405427,1.5466535459272563,2.9302198509685695,0.8620350223500282,0
11.207958834216418,1.4338523196056485,3.5363442404195666,0.4110760297626257,0
17.454716903317,2.306556673720479,2.1004626934882253,0.6945488601922989,0
23.596581652984224,0.4917865670286119,4.9544858816079795,0.31906592892482877,1
1.452495578464518,1.3253224496729672,0.4300908010918647,0.4459475486073643,0
10.509454842329017,1.5702230092138052,2.745576621964574,0.807558442465961,0
6.356447157474738,1.4307575658895075,1.893422455759719,0.4566874101292342,0
13.667487966124462,1.5739298632834107,1.9386026472784579,0.3391591825056821,1
16.878462084386275,2.0556847415864468,1.6265466785989702,0.7748455530963838,1
28.416156709528213,1.0553760663606226,4.982283015269786,0.9759495905600488,1
34.42620638850038,2.5188938558567315,3.7320404790807515,0.4114520619623363,1
29.75639453520311,2.7657410746905953,3.898949798895046,0.677332675550133,0
19.173570994262125,0.3189288640860468,4.523350331000984,0.5298748139757663,1
15.374480396254027,0.6195867543574423,3.3336249738931656,0.1285549325402826,1
20.112245181155892,1.4599287353921682,3.4591430914588273,0.04988653678447008,1
23.981313176036164,0.9714660714380443,4.730347127187997,0.037202493054792285,1
3.897190660280536,1.415141775039956,0.6479951867368072,0.9619691970292479,0
20.05867865949791,1.7582655062433332,4.752833052771166,0.34707354311831295,0
22.30426650933998,0.6718500377610326,4.763194483239204,0.778152305399999,1
10.50877646047705,2.2020891602151096,0.43926338432356715,0.22167757456190884,0
19.024910868868343,0.4514522971585393,4.219184532994404,0.7973767588846385,1
30.167808155751835,2.0926601006649435,3.785613803192973,0.3519548678305,1
13.181853716674942,0.7923237145878375,2.9421753133647144,0.028360308846458793,1
4.677657430011258,1.2793947667814791,1.5250127762556076,0.6441852198913693,0
10.211377214626372,2.164000720018521,0.06837522843852639,0.4916879702359438,1
10.705963472673435,1.423415121389553,1.6159619926474988,0.26606426970101893,1
3.854077864537911,1.0157608827576041,0.8494682400487363,0.3412940849084407,1
-2.1085075421084163,0.7217764165252447,1.0938053904101253,0.06887356750667095,0
8.078595969258862,0.6487790336832404,2.3633236531168222,0.08435103134252131,1
-4.478244129481389,0.7261743571143597,0.04014891921542585,0.9473172915168107,0
15.644590012903652,1.694714019075036,3.8838140305597335,0.7665188224054873,0
19.22386617183467,2.1377042667008936,3.9571062056347728,0.9589304358232766,0
-3.1278292737576465,0.32428979384712875,0.5950957955792546,0.891422909218818,0
5.602511914681727,1.5572276206221431,0.9681272541638464,0.9918130333535373,0
44.03089937465695,2.556571033783257,4.996695411391556,0.29005487891845405,1
22.096319602005877,2.1438958263024688,4.516157002653927,0.7819187599234283,0
-2.2126872137085503,0.9419450545683503,0.026636709226295352,0.4093605540692806,1
6.454660462896786,0.3474514272529632,3.618948641233146,0.3767922401893884,0
9.432785939840912,1.7250122025143355,2.0337098196614534,0.9565020664595068,0
11.092539125215918,2.4941157661378384,0.11459221714176238,0.505602411692962,1
9.78563068340496,1.5610192737076432,1.9880028977058828,0.04949112143367529,0
10.324043823558078,2.082033085869625,0.8876818383578211,0.13255007937550545,0
4.833695773082762,1.4997119684703648,1.2677389744203538,0.7716285432688892,0
23.799738927783405,1.0624811961315572,4.568223800742999,0.8187723886221647,1
29.824234503702392,2.8944124770350754,1.8743339087814093,0.37675242172554135,1
27.128986102736377,2.766783762490377,1.498825732851401,0.043320432072505355,1
7.242210468290111,0.6137781199067831,3.8553801306989044,0.4540993741247803,0
20.69018082719072,2.8647087982390076,0.07158333552069962,0.09585967962630093,0
18.255462505107182,2.621978497132659,0.9548972081393003,0.2706082777585834,0
34.63237061805121,2.092034494271502,4.996530385687947,0.9341252311132848,1
3.343968106110254,1.5377813545055687,0.09317048359662294,0.8636127091012895,1
14.45180402791479,1.4424495461862534,3.58940610778518,0.9991355901584029,0
9.884258794331457,0.6054027692880481,2.686766164842993,0.1298358109779656,1
5.595826322206522,0.3006880630273372,1.9573313696309924,0.545290163718164,1
13.590833921594703,1.417766623897478,2.4963699735235423,0.8321282274555415,1
14.07219924540195,0.936538944253698,4.9496318912133574,0.9684087100904435,0
18.657099426690287,2.317197915399447,2.4738687241915613,0.920206812908873,0
41.45379263199696,2.703222003998235,4.883393396157771,0.15702653815969825,1
16.40533208542808,1.0056878523901105,3.7396150606218725,0.050331325037404895,1
33.09292132793962,2.471832739189267,3.422524507623166,0.832368372939527,1
10.211895118408611,0.6600985794793814,2.473735010717064,0.12989149638451636,1
9.675363507531186,2.2983712151180953,0.2725864911917597,0.38359935116022825,0
23.76581738462949,1.6821235532406718,3.905696952715516,0.7229225065093488,1
5.434188414556344,1.2703666132874787,1.7314495600294322,0.058149113319814205,0
14.640996940482708,2.515709364786744,0.11088355095125735,0.16945804399438202,1
12.489073360377414,0.8619617626536638,3.1138727150391787,0.38206996372900903,1
3.6794560457797876,1.4121621020603925,0.6481092667672783,0.24461630498990417,0
15.982532554985859,2.342533600050956,0.8992410777136683,0.4169456532690674,1
13.929359465253084,0.24815051187761128,3.181900567142293,0.3280324228107929,1
4.292879842628207,1.1835526507347822,0.8436618058476597,0.1280301702208817,1
1.8611214261206703,0.286984222009778,1.8104113708250225,0.3652410802897066,0
-0.4085549300607454,0.3999997079372406,1.1046225239988416,0.5962333031930029,1
9.481021440051062,0.6633785341400653,4.138065110892057,0.7591896259691566,0
-1.819679788779895,0.8223586231470108,0.018213699804618955,0.5391145814210176,1
0.3016929967591604,0.8971777490805835,0.7875793904531747,0.2732524226885289,0
23.45009141853558,1.1243603175971657,4.686021332163364,0.9359889274928719,1
22.52294868418359,1.4743574776221067,3.827186361886561,0.5355982787441462,1
26.249918177254806,2.6358078704215586,4.108165910001844,0.8706707414239645,0
16.488901466088112,2.24618948623538,1.2590054690372199,0.7695891996845603,1
22.118854904777493,2.8655580694321543,0.5877786164637655,0.6993049883749336,1
0.31248041680613087,0.9957606391981244,0.6642279028892517,0.061733939219266176,0
21.793947969745542,2.4724883891176432,2.0968001207802445,0.7648492318112403,0
5.873343180590818,0.39799615019001067,1.829362551216036,0.24521273211576045,1
-1.016763152761078,0.3740905614104122,0.7238671975210309,0.11770619195885956,1
18.03533551638867,2.1843291353434324,2.599254393717274,0.8050485455896705,0
24.396667912963952,1.6452624856028706,3.7289518874604255,0.982870647450909,1
8.26570889607324,1.8255522383842617,0.548915967810899,0.35326527478173375,1
4.914979123568207,0.3688401016406715,1.848012381233275,0.08648572862148285,1
22.439720353625457,2.6293040968012065,1.1121592880226672,0.00562102859839797,1
28.303183661044333,2.527046446921304,4.484869852894917,0.4396606225054711,0
-3.0551793294921037,0.13871344062499702,0.5317439115606248,0.19549890817143023,0
23.004690732406953,2.1210549857933074,4.194997935555875,0.05802907235920429,0
17.708712294636292,1.6043731654062867,4.226847594836727,0.7927574818022549,0
18.886022355123018,2.83637170214206,0.13458260451443493,0.31247708084993064,1
29.34021494222791,2.7360899371560663,3.8267410336993635,0.3348393819760531,0
6.939048910571881,1.367935549467802,1.3741261966060847,0.985416634939611,1
12.541583348369658,2.2965614357963204,0.754563135560602,0.3428722347598523,0
4.166546482611527,1.5151337385177612,0.49348885542713106,0.6942796029616147,1
15.529101876833101,0.6076454487629235,3.5567723808344454,0.442051786929369,1
23.189900705180897,2.1514161669183522,2.2810881573241204,0.3638984472490847,1
21.07456700664207,2.3042308932635933,1.9956851634196937,0.764073190279305,1
18.225873700270444,2.1191311357542872,3.0797652108594775,0.7757044539321214,0
0.4297439513314344,0.5748724085278809,0.6638505484443158,0.3116811343934387,1
-1.1522645143513142,0.8936994031537324,0.4032080341130495,0.2604263345710933,0
16.65194589035695,0.9753937991335988,3.315972707932815,0.6829480065498501,1
25.002101767266534,1.715628704521805,3.9677044947165996,0.7246553245931864,1
25.83654923431932,2.6474745764862746,1.8668321729637682,0.7167296735569835,1
37.06028931580513,2.631310129305348,3.9944357541389763,0.4375189321581274,1
8.986667529400323,1.1575576113536954,4.053095328854397,0.15413482068106532,0
34.099244782870045,2.2133164645638317,4.323081522015855,0.10772562073543668,1
23.331521901487694,2.38895809231326,2.1137493243440986,0.47533228481188416,1
10.420844051631384,2.1724843822885305,0.4793609038461,0.9304295442998409,0
23.94779611261456,1.1563157667405903,4.412970634875819,0.29518321389332414,1
5.3884626263276685,0.8944568478036672,1.443349082255736,0.45348348608240485,1
-0.4456477595414545,0.17241345718502998,1.525541110895574,0.6616442420054227,0
29.168020608149828,2.0210788927506655,4.08052587416023,0.41555845830589533,1
13.813715121294488,0.5939757807645947,2.9344420332927257,0.06574187194928527,1
23.915316893751992,1.875323697226122,3.3136889804154634,0.1039219107478857,1
13.356642088585508,0.41454852162860334,3.2220921746920794,0.9381185846868902,1
3.161976888551313,1.1192355619277805,1.1413488013204187,0.939172213897109,0
14.815777155273347,0.9422694984823465,3.0495958880055696,0.9108516592532396,1
25.436451054166238,2.445554699515924,2.431718237930909,0.14456116314977407,1
6.956606015310055,1.104954290902242,2.9000956774689257,0.199654555413872,0
21.790102978105587,1.3189323786646128,4.063360050786287,0.661923291394487,1
5.943569893057459,1.3171740823891014,2.474076410289854,0.2514689841773361,0
6.868258062802444,1.8054848571773618,0.4101661662571132,0.8362802914343774,1
6.955749057434661,1.2117208088748157,2.318999624112621,0.18181037018075585,0
28.253513596168066,2.8749548429623246,2.991858896566555,0.9479400012642145,0
46.017396451952045,2.912303891032934,4.569392041303217,0.44569694460369647,1
19.057733079397043,2.743584069656208,0.24012385751120746,0.8627292928285897,0
7.343907311168932,0.24862112500704825,4.090476926648989,0.30817220150493085,0
1.9797144106993094,1.4305788329802454,0.43822413543239236,0.8812746664043516,0
4.854840183816382,1.017405797727406,1.3548397168051451,0.5448414005804807,1
30.269388509481,2.020307441940531,4.237060557352379,0.6372202173806727,1
32.7667831039334,1.9094578356016427,4.5935428503435105,0.030381401302292943,1
16.257405358774896,2.5778343435376883,0.4102073470130563,0.40929926838725805,0
34.15041906796093,2.844853274524212,2.7878248342312872,0.5629869988188148,1
4.619444615828104,1.7219011976849288,0.21364584797993302,0.14009976061061025,1
9.983396978621794,1.6058071665465832,1.3044455263298005,0.5062083532102406,1
24.243657251309486,2.8250833286438137,0.9398212365340441,0.5650981857907027,1
26.35693241397314,2.6770654565189034,2.8370858798734844,0.05473238532431424,0
0.9283646345170276,1.230919016059488,0.32840749714523554,0.7091884335968643,1
2.6077535401136123,0.15009224228560925,2.1877427375875413,0.6087156366556883,0
19.019541124863498,2.3348078839480877,2.7655126550234854,0.15137412399053574,0
26.472684455160724,2.7778841690160334,2.7010039682500064,0.5219119000248611,0
2.3189226039244932,1.1324316237587482,1.2724636471830308,0.7933124836999923,0
2.1679498522749685,0.7347629838623106,0.825893614673987,0.4088231346104294,1
7.5213933837943445,0.26290772552601993,3.6389053892344236,0.3158619368914515,0
3.7578071054892614,1.1733254904393107,1.0307893017306924,0.49472761852666736,0
12.71220441418832,0.5476842757780105,2.9323276306968182,0.648930004099384,1
8.67993783995749,0.4008743539452553,4.56772988778539,0.6498624684754759,0
-0.22998098491382518,0.7723887402098626,1.0348330030683428,0.5023025840055197,0
26.440528561769426,1.6597411434631795,4.159085786668584,0.635600552894175,1
1.9995851648081389,0.44420782942324877,1.5445437317248434,0.36282740300521255,1
26.63561322063995,2.888690472347662,0.9421124041546136,0.3330114437267184,1
32.289334037629295,2.8335686365608126,2.5947235873900354,0.04121797042898834,1
26.186667288878414,2.976857382338494,0.9201781020965427,0.8749647231306881,1
13.161638728657088,2.118631711928174,1.121390542248264,0.5185650093480945,0
22.27848786157998,0.4223350672982633,4.7879292466677725,0.4854290101211518,1
0.7851592660401339,0.026947872480377555,0.9655716724228114,0.13104082504287362,1
33.701227736127734,2.0594866157043725,4.859358364483342,0.4459891328588128,1
31.522740654753836,2.043654575245455,4.653610936366022,0.21723658521659672,1
22.947648359181496,2.752532647456974,1.0926886834204197,0.8275730398017913,1
5.394601360470657,1.2252636426128447,1.796259277034551,0.8023108385968953,0
1.9815716430093886,1.2673181702848524,0.48203011276200414,0.8394113220274448,0
26.68956061077489,1.6119602455291897,4.336537803756073,0.9611164054367691,1
26.605977400638835,1.2409393892157823,4.978241826174781,0.24175456329248846,1
4.219148091493329,0.2929339755792171,2.860570774646476,0.8011236602906138,0
7.144014927020968,1.1408029210288078,2.954049655236304,0.16082847025245428,0
7.074877167665136,0.5940017325337976,3.5016585956327617,0.2929330097977072,0
23.878420365010733,2.1750726790633053,2.870358171639964,0.24021284864284098,1
-0.6860902701729563,0.033027122961357236,0.8164072525687516,0.6007420788519084,0
29.675581792091783,2.756573280086741,2.6517240307293832,0.11984222242608666,1
25.787113825069213,2.7006862023845315,2.4960193724837154,0.6176721004303545,0
35.000023583793016,2.26246159337461,4.5998428540769964,0.03744014073163271,1
27.506359835547237,2.8557654451578856,2.262629318283871,0.6257596535142511,0
10.466109700211137,1.8767612767405808,2.1198994875885546,0.6219504985492676,0
8.405351349226986,1.9678515633568168,0.38523034541867673,0.4843186486978084,1
13.054467510044049,1.144126852741465,4.638856984674931,0.44231187039986253,0
-1.1969453901814933,0.19681690586730838,1.5654477302450687,0.12612671591341496,0
18.701474728873997,2.0726425512693822,2.0634018070995808,0.7397418504115194,1
6.790477283849433,0.38245160202495754,1.9739293318707496,0.7124324846081436,1
8.238966223094257,0.8739555557258427,3.4663590777199715,0.4993380098603666,0
13.447137622214177,1.8966626725159585,2.960964118828997,0.2764776414260268,0
0.36087806660945865,1.1700719932559878,0.7534284342546016,0.6587899685837328,0
0.4774438876777035,0.2112769796513021,1.7121209332253784,0.11889764969237149,0
25.068089300917446,2.5907187927514315,2.8384055104106665,0.3099266951903701,0
20.65145181197844,1.155570621136576,3.799696733476594,0.6208168223965913,1
18.904284538325957,2.0122804013080895,4.425300123402849,0.16850044252350926,0
14.60644031741662,0.06358890677802265,3.693523710826412,0.4423210909590125,1
9.254305846887965,1.7856862822081894,2.1754971286281943,0.7817544681020081,0
-1.8482370140109774,0.828723483486101,0.10233976179733872,0.33675780589692295,0
11.932541420962618,1.1973807150498033,4.500810613390058,0.7767074885778129,0
-2.56121443200092,0.43744628853164613,0.6251913716550916,0.11966217961162329,0
41.357302214998334,2.4722451854031533,4.984031252097338,0.04148458410054445,1
-3.631405608375586,0.4212296479381621,0.3231142635922879,0.31790808076038957,0
39.20170610152791,2.7271425453945994,4.134421413764358,0.809836691711098,1
22.321520161020715,2.699774434324354,1.7800118157174438,0.8252645826432854,0
5.717931140498639,0.5770477617625147,2.009148352080956,0.03808358567766845,1
31.619335100472384,1.5968707913998514,4.835434155538678,0.81930664437823,1
14.671569454771753,1.5663742215838283,2.6921493210829794,0.48177973460406065,1
7.354695386729653,0.4810071929823607,3.152305157855153,0.22644970659166574,0
11.994699548883695,1.5587010530289263,1.6608464915771037,0.3464685883373022,1
-1.3925515798058061,0.6735105277039111,0.5146080662962049,0.14284842368215322,1
12.194410698048266,0.8445359710603952,4.926609107060358,0.44905222300440073,0
11.842760809026013,1.5110627396497875,3.347039398504421,0.08168593607842922,0
-2.0228140125134195,0.47688194643706083,0.007721486035734415,0.8635126224253327,1
25.580434957101403,2.7618922179099172,1.8294356216210872,0.5407806157600135,0
10.4741846004585,1.4970883789937943,2.6611729140859097,0.10469984030351043,0
13.26915477972249,1.8460322313476354,2.7766138419974595,0.8836150362621993,0
18.252089625308706,2.231792630860582,2.719249763758853,0.3953184357378632,0
12.737892555671337,1.8504546324256808,2.7488172007724643,0.12453694827854633,0
26.169655847659648,2.7904231378342956,2.922556782141328,0.9946646557655185,0
-3.4058250480602488,0.24113539815880358,0.3134685871191323,0.9262017740402371,1
-1.807724597714758,0.08436357323080301,0.2981900202576071,0.06966290017589927,1
15.899819617424889,1.6245854061562568,4.486764109460637,0.8744136956520379,0
12.950474334319335,0.7236077066045254,2.9279428557492793,0.2654648097231984,1
30.205670800726544,1.934512565843761,4.124704425921664,0.6243942179717124,1
7.892956617287617,1.1332103975582868,2.8721494984347373,0.4836272115353495,0
0.617476016041442,0.14056106004863977,1.6768128424882889,0.5236480138264596,0
19.04644858503634,0.14442149782553315,4.479582883650437,0.5792414124589413,1
22.04590045301358,2.888528077164665,0.3442620986606926,0.860735900234431,1
14.639448869007705,0.6794002514798194,3.498465057928115,0.2969110256526619,1
-4.931705767453019,0.03418070892803371,0.2734612440690398,0.29032750451005995,0
8.142844844599662,0.6554269145708531,4.3383604940027,0.3951071591582149,0
17.271631821224048,0.1678127059713006,4.114536369452253,0.30822502356022596,1
-0.6369770242042236,0.7049164404161274,0.8457845426164567,0.860850369092077,0
21.71575713398164,1.2080888100899756,4.079632724169642,0.42722187377512455,1
0.7874440321412131,0.0429133081343025,2.252485406352207,0.4282836786005646,0
1.340196887419546,1.085289505077526,1.2599511945154518,0.4067420589271933,0
11.523885235904215,1.7534992194268852,2.8801310749258846,0.5993076015729457,0
24.122641886762917,1.8173812148161232,3.4181665536016226,0.5727782442700118,1
13.851939108932683,0.7911558395717293,3.036362543934956,0.6441381967160851,1
15.984817424615937,2.025446031242609,3.3638284995686263,0.8346977587789297,0
23.670098160997167,2.807418647920713,1.2194964254740626,0.6580085891764611,1
21.13567439397885,0.010774219175800681,4.7646204102784395,0.543529199436307,1
36.84888122344165,2.3609135246369988,4.652264043688774,0.688818818423897,1
21.867066846356078,2.420799440704286,3.497800917830318,0.047430104576051235,0
3.6189892405520343,0.21911515365354717,1.351729758316651,0.5217844070866704,1
30.3811921033155,1.7009979109279811,4.86676644301042,0.8027280839160085,1
3.628216481057328,1.6175725380890071,0.26615050388500094,0.23926337575539947,0
5.108002697794205,0.413025465561077,2.993558789603412,0.9708813852630556,0
7.327170468266901,0.8289979468099773,3.281691570300609,0.4767664868850261,0
19.262769473349966,1.0555305203888565,3.8633255113381892,0.006331014214083552,1
22.905645569209856,2.438415708951652,3.7341627874411643,0.16766793350689113,0
20.120946218519364,0.5146240442991257,4.208029853180051,0.9248556511010975,1
23.37749244366522,1.5634862780570984,4.1372382221743464,0.5372044371906668,1
25.058568600760204,2.2938685272820294,2.344294744543731,0.6917076359968632,1
-0.7096333134455319,0.8662669421173632,0.8600389235652983,0.36395721416920424,0
16.970807059465955,1.310334948124364,4.914802412968129,0.7555890483781695,0
17.949455542691652,2.0083522733766586,2.0097780879586935,0.45290133683010936,1
15.554836361400897,0.11077134660445154,3.830807722406462,0.2853761229198426,1
4.908208363679433,1.6819390472956002,0.4600848734844476,0.13586419471539557,0
33.220285561125195,2.7971497115213424,4.477032801369205,0.8276570285670459,0
20.31472299836305,1.3038674758281559,4.004393094219267,0.38855912955477834,1
35.6651470716951,2.8086978506762534,3.146688184933737,0.7935190496500582,1
30.67510441406185,2.9349078841041774,3.1798301183152944,0.13791502127423882,0
32.314029723234874,2.0302868660073727,4.509102660231292,0.5061484428588301,1
9.811676476858844,0.8948066860903054,4.097895976155996,0.3424941801931709,0
9.568338976695644,0.6247601837385446,2.4946718115825206,0.8542710451874882,1
7.532855951178765,0.956689286744222,3.642486500320956,0.7008709998335689,0
29.28448477685568,2.5631249053403735,3.904779148288071,0.7587492617312819,0
-2.2745677425928776,0.183179720537737,1.3587182573974133,0.5949976530391723,0
16.529521183973547,0.5461383168585598,3.5729047236964107,0.47353929397650063,1
8.782143182701784,1.4515098030678928,2.856447461526841,0.815503824967891,0
9.46332389464185,1.0148507226258516,4.45748352794908,0.9203951233066618,0
13.787464151802228,2.440088094212115,0.14084580587223172,0.6872137901373208,1
27.750559533513318,2.611297440016642,3.3949894935358316,0.7128624052274972,0
6.026588461266282,0.05748383654281497,3.46249487134628,0.544584876159206,0
27.431616229783533,2.474244546610862,2.8552006441168487,0.4193607035558671,1
11.194500921370675,1.203805485740304,4.168511230964214,0.8409362861420959,0
14.55181169708714,2.016174864722416,1.4740430377423763,0.06541119399480522,1
-0.5237601604805238,0.35601664683781564,0.9529323957394809,0.8833138421177864,1
6.806204132601151,1.429273018380627,0.8454775949940085,0.7245758820790797,1
20.841980370959693,2.776019891258329,0.08169354638084769,0.08084839675575495,0
4.1885265577203485,1.7245180250611156,0.5733185552526265,0.10046161618083715,0
19.27489536665638,2.738254738971591,0.31950462493114173,0.8138431250117719,0
31.48626241556315,2.265905772568658,4.027222454315051,0.12237790506333113,1
8.837083689427228,1.8929997724480927,0.6641441804822534,0.7817033990286291,0
14.741717524320636,2.383261951385066,0.45114704640582204,0.20203178143128753,1
31.13650050213185,2.770639386959374,4.463470751652494,0.8268817961215973,0
7.448080236063165,0.493406429188326,3.6692265898454934,0.021646432112902403,0
5.735827075881053,0.5786518331151456,2.5069454591721296,0.18172713974490762,0
4.276218061511788,0.29292799648828804,1.3830420095473528,0.4865302487742156,1
14.982248153929143,2.4873281861655414,0.5394805723335594,0.9920003351289779,0
36.582858738610774,2.4175918735563755,4.235131412278861,0.18374543776735663,1
6.673551488518257,0.837809958960861,3.5539585922379047,0.004739876836538315,0
23.018543054856693,1.3470887371804565,4.02625796967186,0.1181560973636806,1
6.754788043360875,1.8776361218187958,0.07256203796714544,0.5027379356324673,0
6.148512903365723,1.112764248624444,1.2681310111656785,0.3269260546658188,1
4.38674433751251,1.1469568451866508,2.0122232392895967,0.5470084294211119,0
26.653495375588673,2.74344262923114,1.6580271278508008,0.7117925703059882,1
22.37711876749052,1.170893264003098,4.335575319128111,0.4405017050448805,1
0.3882553511803227,0.2108812783844769,0.8749053406063467,0.5370808597654104,1
13.699516840968261,2.122519832337275,1.831492071505636,0.7727317053359002,0
8.508066026503359,2.0789904417470098,0.1389621861744672,0.7244506045244634,1
19.48053436272498,0.2884418705943972,4.5206409122329205,0.5493561401963234,1
8.72010019734219,0.11070968862622976,4.2053800309076905,0.2469570750836283,0
14.133210547322394,1.2028203627560288,4.818494716892019,0.2182683718856424,0
10.988927100309605,0.0346116756554693,3.0798143381252885,0.6415883817244321,1
7.298185976950941,1.7036730477120727,0.6071830622386187,0.9207350702490658,1
44.00848785653872,2.8348497776314616,4.626821231795475,0.9375039332080632,1
0.15438013661691882,1.0299065317958593,0.623007242102176,0.3844126504845917,0
13.772247751814131,0.733494839631021,2.7803976740688086,0.1458973828703165,1
6.837749137319653,1.6250309322495013,0.9011938818730414,0.7292938253376633,1
10.418386288367737,0.35311313392594457,4.941445281729102,0.4867408396676183,0
7.893770639513912,1.1247253655456007,3.5075147007592022,0.2525425625499338,0
5.51619284209217,0.9825333505868912,1.2734654685482383,0.827795639866963,1
39.732295125317385,2.8416172536090016,3.9908168104011565,0.14459894481115043,1
21.299613367274652,2.7317247369792312,1.871472691418603,0.5945473739411682,0
35.63701500798619,2.2873341464437544,4.43347446504049,0.2723109289072454,1
13.52054151728218,2.274224748602137,0.6826832750812173,0.9406055766157806,1
44.78313356572069,2.99547250312753,4.515545447356999,0.145291977096349,1
27.58548683040042,1.7412042142823339,4.511740715242922,0.9109434615820646,1
10.188414247908199,0.6398525442928076,4.2948825063649565,0.7030200657900423,0
3.6358763093175472,0.40065569523721933,2.659488752251491,0.276620882563293,0
34.88048391147145,2.3768469484057277,4.131700884317979,0.060320031363517046,1
47.64016417170135,2.9457175119314343,4.67549207736738,0.7060610102489591,1
36.77237324023344,2.9461463775951415,2.8244414343498647,0.1639161508064717,1
3.092721522941925,0.3763304252643138,1.9725691492203623,0.1768031029496342,1
8.149645818896534,1.8548554319422692,0.9361655346583575,0.5108572111930698,0
26.743405974420273,2.574560412671417,4.4174978078808635,0.3385498779825866,0
-1.9006053871172899,0.41816260758787394,1.1693501996342093,0.04312017164193094,0
11.164155906563266,1.0997415643651038,4.72163408761844,0.843151141423732,0
5.9089535203077,0.4713906815741211,3.291076119057834,0.3068187397439033,0
7.087930511574522,1.3435195027850568,0.7976618479005992,0.4814187423326075,1
28.091815256033236,1.4576237378641963,4.769321727799252,0.3802125167567283,1
25.58104645858941,2.8506091211456805,0.7765413005836308,0.6580192013643682,1
43.15935704407445,2.714261640328914,4.779970420058817,0.9108613564167172,1
28.113309693678858,2.820494105340913,3.261731251841411,0.7981248423457146,0
12.683629171164725,2.320479709887877,0.13520891196094453,0.3983822523150593,1
0.32041891658014854,0.27663295716047287,2.114404815947637,0.13926374888978899,0
-0.7581621818334119,0.04873028886504471,1.0107052454259247,0.3003871734254062,1
12.086247790756495,1.000528760952875,3.1002377381082624,0.2798132065217942,1
19.710510355435805,0.7255592769943178,4.610349043505266,0.25359553401358426,1
27.360007599010185,2.3762121547479182,2.88409257424064,0.7822011136449873,1
5.727532802433958,1.489161113044247,0.71819749311544,0.6726422621868551,1
11.819770819741018,1.541637270944193,1.8254239321686327,0.4543857495300472,1
-5.295951702592658,0.2172056359704584,0.26654777000658214,0.37469227984547615,1
-1.204287951837,1.0354172992520034,0.577829813119024,0.2732932863291353,0
29.611864927894487,2.2689748238772154,3.6284196632914245,0.29329683003015816,1
2.426151654408039,1.1553571368567646,0.8407330117188394,0.4714049615431577,0
21.67468176245477,0.02076311968266964,4.792245171265677,0.3898640344850719,1
9.016086674855782,2.1553176906891167,0.3022969688754529,0.024861557641997933,0
28.531777117795382,1.6709079968277365,4.867372192675248,0.8566146593075246,1
8.501380860591611,0.21024787961505353,2.4609455396421254,0.1398206001613289,1
7.03378583971271,1.0434495932422578,3.5146055335644633,0.941539446124807,0
18.843960071093562,1.239016663748771,3.6191558558493853,0.5600801450200379,1
18.32821812614363,0.9349655967671424,3.8206729444209486,0.2600756932515651,1
24.102106374307343,2.2127039046026766,4.397135083563626,0.03987602889537811,0
19.55571664610147,1.1650208516512066,3.561460659839213,0.508186420192942,1
12.301158625430777,1.8582728344481438,1.2250399601180106,0.49649039609357715,1
12.673473054829621,1.8706238034646958,2.4639237415976822,0.37289919261820614,0
23.261094826960043,2.4072369933128357,3.7882437743246555,0.5702685059513897,0
7.158385889172931,1.962203811854124,0.0018673925660550594,0.9683725873474032,0
7.328128757683343,2.0383593540173024,0.4191674676258117,0.08179129636846483,0
10.850005956815632,1.2322644700761884,3.8829141517635435,0.7226607161574066,0
12.511317008636913,1.9897594274953008,1.4676132309250534,0.7844078578054905,0
3.7713557280275323,0.0813533328473568,1.7390739021357149,0.03748672967776656,1
29.299044702534363,2.4477868939284235,3.2455881545320153,0.20126153714954853,1
18.355500489796572,0.22512833727523685,4.218643460189924,0.3321047555655241,1
18.248216725556173,2.702895876718685,0.34537348663434386,0.5669648055918515,0
0.8220592016052781,0.21248170430772007,1.3266920705791563,0.01093121524900198,0
14.612572022685832,0.573370150057599,3.551601468352601,0.0853019708301872,1
12.175493755907967,2.330787744373083,0.25534418877214193,0.4629655904136598,1
2.3863278761702866,0.6094005110207945,1.6774041240569204,0.44991374015808105,0
23.704459039306094,1.2112935315817595,4.4673935999162495,0.7592725409194827,1
6.950140223861963,1.3385418844409287,1.140149226412177,0.8681013153400272,1
13.974811902871753,1.8188864062540233,2.859821723541245,0.18552998499944806,0
10.511758009280879,1.7293372282292694,0.9552261978387833,0.7591814196202904,1
11.009034339650723,0.1785202994942665,4.998816195875406,0.09983246144838631,0
9.660788914683446,0.5479952548630536,2.5092482147738338,0.2210902685765177,1
8.379306905058396,0.8883649853523821,4.100297556724399,0.8954028785228729,0
16.259665308328852,1.128237258642912,3.1854917714372277,0.8037795620039105,1
32.921479061190794,2.139287825440988,4.26398673793301,0.1673650862649083,1
15.595047533426959,0.37544575799256563,3.435528863919899,0.9848147162701935,1
12.302362327628492,1.2877003052271903,3.8875710940919816,0.8180037953425199,0
-2.4648945541214946,0.09113111556507647,0.7332511199638247,0.44332066271454096,1
4.792373586721516,1.3625060082413256,1.3656275358516723,0.584755172021687,0
14.809920184697567,2.382924381410703,1.3021054933778942,0.8865023907274008,0
10.296423872650234,1.4138294889125973,1.777655933983624,0.8108473436441272,1
-0.6757511302052459,0.7091688320506364,1.3046534557361156,0.742774649290368,0
41.47505535944931,2.6611050500068814,4.276940496638417,0.8419597803149372,1
6.26711660445222,0.3778583554085344,3.674296251265332,0.40660469490103424,0
11.634388378950122,0.8079341968987137,4.271563052898273,0.872838202631101,0
25.298310295455334,2.647374441381544,3.6715276876930147,0.906216467032209,0
20.225762291799555,2.2515594656579196,3.600219876971096,0.8917773857247084,0
23.094786190790682,0.2930788246449083,4.916696373838931,0.008304643211886287,1
16.879770571674484,2.4467010477092117,0.8096368238329887,0.6161564071662724,1
28.373144503343557,2.5751790865324438,3.8308993924874812,0.45471933437511325,0
9.028335409911652,0.3514718993101269,4.769846112467349,0.5681872933637351,0
-2.658648772564689,0.41219148715026677,1.3295359432231635,0.8993953114841133,0
5.384320531455331,1.6447709924541414,0.42918785009533167,0.16969043505378067,1
0.9921395646699034,0.1770889505278319,1.14462876226753,0.7668773191981018,1
10.633154543262725,1.486569873522967,1.6621476144064218,0.11306097288616002,1
8.452705662708167,0.022252569207921624,4.75899504381232,0.7661619824357331,0
